Survived,Pclass,Age,SibSp,Parch,Fare,HasCabin,FamilySize,IsAlone,FarePerPerson,Fare_log,Sex_female,Embarked_C,Embarked_S,Title_Miss,Title_Mr,Title_Mrs,Title_Rare,Pclass_x_Fare
1,2,30.567086470510347,1,0,3.818166480322745,0,2,0,1.9090832401613724,1.572393457419443,1,0,1,1,0,0,0,3.144786914838886
1,3,26.122416983957628,0,1,19.57804105110439,0,2,0,9.789020525552194,3.0242245388541646,1,0,1,1,0,0,0,9.072673616562493
0,3,10.933638353608853,0,0,57.47136446514858,0,1,1,57.47136446514858,4.06853713807313,0,0,1,0,1,0,0,12.20561141421939
1,3,29.57115904880932,0,0,39.93012964718174,0,1,1,39.93012964718174,3.7118664580336644,1,0,1,1,0,0,0,11.135599374100993
1,1,12.517739991314013,0,0,18.44074067512012,1,1,1,18.44074067512012,2.9673708988785075,0,0,1,0,1,0,0,2.9673708988785075
0,1,29.343990111089028,4,2,174.9175420663906,1,7,0,24.98822029519866,5.170015374266171,0,0,1,0,0,0,1,5.170015374266171
1,1,27.411824508686,1,1,102.4014522200897,0,3,0,34.133817406696565,4.6386190066574216,1,0,0,0,0,1,0,4.6386190066574216
0,3,5.833553490043325,0,0,8.286517939442831,0,1,1,8.286517939442831,2.2285636644199327,0,0,1,0,1,0,0,6.685690993259798
0,3,27.00906451527083,0,1,10.656653516809426,0,2,0,5.328326758404713,2.455877134308977,0,1,0,0,1,0,0,7.36763140292693
0,3,28.19512292895071,0,0,25.954075023525487,1,1,1,25.954075023525487,3.2941344927342597,0,0,1,0,1,0,0,9.882403478202779
0,1,63.1442374331268,1,2,54.951624032507866,0,4,0,13.737906008126966,4.0244874608336865,0,0,1,0,0,0,1,4.0244874608336865
0,3,30.898414473541983,1,0,6.399811496312208,0,2,0,3.199905748156104,2.0014545264143466,0,0,1,0,1,0,0,6.00436357924304
0,3,29.59453265135896,0,2,9.31233588706253,0,3,0,3.1041119623541764,2.333340837552355,0,0,1,0,1,0,0,7.000022512657066
0,1,53.230019544187584,0,0,72.69618854103767,1,1,1,72.69618854103767,4.299951081996889,0,0,1,0,0,0,1,4.299951081996889
1,1,25.03073552681824,0,0,17.604970328617444,0,1,1,17.604970328617444,2.9234287669904044,1,0,1,0,0,1,0,2.9234287669904044
1,1,30.5662864976774,0,0,194.1831230136872,0,1,1,194.1831230136872,5.273938210270249,1,0,1,1,0,0,0,5.273938210270249
0,2,42.73453326769159,2,0,23.213632562854134,0,3,0,7.737877520951378,3.186915803595958,0,0,1,0,1,0,0,6.373831607191916
0,3,29.843532548220768,0,0,13.74283228697905,0,1,1,13.74283228697905,2.6907570180300047,0,0,1,0,1,0,0,8.072271054090013
1,2,42.86896210050405,0,0,2.1693791179095165,0,1,1,2.1693791179095165,1.153535706847554,0,0,1,0,1,0,0,2.307071413695108
0,2,13.882162079713453,0,0,19.18435432202959,1,1,1,19.18435432202959,3.0049077657838437,0,0,1,0,1,0,0,6.009815531567687
0,3,29.843532548220768,0,0,1.766281123343158,0,1,1,1.766281123343158,1.0175038634154128,0,0,1,0,1,0,0,3.0525115902462385
0,1,37.72296852153137,4,0,6.885231315864697,0,5,0,1.3770462631729394,2.0649915561755345,0,0,1,0,0,0,1,2.0649915561755345
0,2,23.176453682206944,0,0,15.510869998930623,1,1,1,15.510869998930623,2.804018951815078,0,0,1,0,1,0,0,5.608037903630156
0,2,25.735740245745777,0,2,10.670415106402642,0,3,0,3.5568050354675473,2.457057016051684,0,0,1,0,0,0,1,4.914114032103368
0,3,55.73299002402466,0,0,12.175197414631016,0,1,1,12.175197414631016,2.5783360783478813,0,1,0,0,1,0,0,7.735008235043644
0,3,26.62888424233252,1,0,1.2803510934605062,0,2,0,0.6401755467302531,0.8243294194712301,0,0,1,0,1,0,0,2.4729882584136904
1,1,27.411824508686,0,0,47.36298661699846,0,1,1,47.36298661699846,3.8787347818420947,1,1,0,1,0,0,0,3.8787347818420947
0,3,28.674499041518693,1,0,2.631953564133597,0,2,0,1.3159767820667985,1.289770675451808,1,0,1,0,0,1,0,3.8693120263554235
0,3,20.264776106586677,0,0,59.602324409366666,0,1,1,59.602324409366666,4.1043332489298825,0,0,0,0,1,0,0,12.312999746789647
1,1,20.94429036770928,0,0,69.18223989738864,1,1,1,69.18223989738864,4.251095286108968,1,1,0,0,0,0,1,4.251095286108968
0,3,33.412929912768114,0,0,15.932398357579707,0,1,1,15.932398357579707,2.829228849288356,0,1,0,0,1,0,0,8.487686547865069
1,1,50.59781916897358,0,2,33.06764624292465,0,3,0,11.022548747641551,3.5283481433727633,1,0,1,0,0,0,1,3.5283481433727633
1,1,14.31959188223738,0,0,8.36067833424498,0,1,1,8.36067833424498,2.2365177594709302,1,0,1,0,0,1,0,2.2365177594709302
1,3,53.83973448472453,0,0,51.02339163202277,0,1,1,51.02339163202277,3.951693456511523,0,0,1,0,1,0,0,11.85508036953457
0,3,37.11832703639762,1,0,4.620121926581987,1,2,0,2.3100609632909936,1.726353358791614,0,0,1,0,1,0,0,5.179060076374842
0,3,25.04188151093316,1,0,7.553010867632039,0,2,0,3.7765054338160193,2.14628336922008,0,1,0,0,1,0,0,6.438850107660239
0,2,32.49971616188419,0,1,21.72327148193553,1,2,0,10.861635740967765,3.1233895747695746,0,0,1,0,0,0,1,6.246779149539149
0,1,36.8282887411002,0,0,2.1006209495507635,0,1,1,2.1006209495507635,1.1316023977391687,0,0,1,0,0,0,1,1.1316023977391687
0,3,16.12321812104313,0,0,22.77071496069274,0,1,1,22.77071496069274,3.1684543591987984,0,0,1,0,1,0,0,9.505363077596396
0,2,26.028494329084467,0,0,15.920734381741292,1,1,1,15.920734381741292,2.8285397564123858,0,0,1,0,0,0,1,5.6570795128247715
1,1,27.411824508686,1,0,27.38660387041852,0,2,0,13.69330193520926,3.3459173391806445,1,0,1,0,0,0,1,3.3459173391806445
1,3,11.767833139435028,0,0,0.8711486288273431,0,1,1,0.8711486288273431,0.6265524823129329,1,1,0,0,0,1,0,1.8796574469387988
1,1,40.385098066420106,0,1,14.895898358366688,1,2,0,7.447949179183344,2.766061111064924,0,0,1,0,1,0,0,2.766061111064924
0,3,20.733227298589505,1,1,30.881409011550087,0,3,0,10.293803003850028,3.4620230502963465,0,0,1,0,1,0,0,10.386069150889039
0,2,25.598539624234085,1,2,23.979696456488888,0,4,0,5.994924114122222,3.2180633531619884,0,0,1,0,1,0,0,6.436126706323977
1,3,26.937491761066457,0,1,3.939449292100377,0,2,0,1.9697246460501885,1.5972538456536411,0,0,1,0,1,0,0,4.791761536960923
1,2,34.2153529389864,0,0,1.4045257510272424,0,1,1,1.4045257510272424,0.8773526911925787,1,0,1,1,0,0,0,1.7547053823851575
0,3,33.09060720937492,0,0,16.072426707328265,0,1,1,16.072426707328265,2.8374646888187502,0,0,1,0,1,0,0,8.51239406645625
1,3,29.843532548220768,0,1,11.63931680443882,0,2,0,5.81965840221941,2.5368123369762032,0,0,1,0,1,0,0,7.61043701092861
0,1,29.343990111089028,1,1,43.54448090059028,0,3,0,14.514826966863426,3.796488260733739,0,0,1,0,0,0,1,3.796488260733739
0,3,29.843532548220768,1,1,6.191659833342674,0,3,0,2.0638866111142247,1.972921998128417,0,1,0,0,1,0,0,5.918765994385251
1,3,30.08539082527925,1,0,3.348080194061128,0,2,0,1.674040097030564,1.46973441298518,1,0,1,0,0,1,0,4.40920323895554
1,3,35.73122804296243,0,0,15.17254871054662,0,1,1,15.17254871054662,2.7833152808681887,1,0,0,0,0,1,0,8.349945842604566
0,3,21.122757626247544,1,1,48.34835704148011,0,3,0,16.1161190138267,3.8989044733593454,0,1,0,0,1,0,0,11.696713420078037
0,3,29.843532548220768,0,0,2.6473774966122283,0,1,1,2.6473774966122283,1.2940084152749842,0,1,0,0,1,0,0,3.882025245824953
0,3,36.08901140549106,0,2,12.454781498887288,1,3,0,4.151593832962429,2.5993345446480705,0,0,1,0,1,0,0,7.798003633944211
1,1,26.91405183026176,0,0,46.365391568464936,0,1,1,46.365391568464936,3.857891826335761,1,0,0,1,0,0,0,3.857891826335761
1,1,14.778675018925078,0,0,49.71410183617312,0,1,1,49.71410183617312,3.926204014647929,1,1,0,0,0,1,0,3.926204014647929
0,1,50.204202829603176,1,0,24.63107847600402,0,2,0,12.31553923800201,3.2438056181486776,0,1,0,0,0,0,1,3.2438056181486776
0,2,46.162989023635504,0,1,36.095424629790514,0,2,0,18.047712314895257,3.6134936366656203,0,0,1,0,0,0,1,7.226987273331241
1,2,29.930379863891222,0,0,13.74655577933684,0,1,1,13.74655577933684,2.6910095490333066,1,1,0,0,0,1,0,5.382019098066613
0,2,25.598539624234085,0,0,16.22797949075775,0,1,1,16.22797949075775,2.8465347767313083,0,0,0,0,1,0,0,5.693069553462617
1,3,36.80591904596119,0,6,4.979942906301428,0,7,0,0.7114204151859183,1.7884110204757304,1,0,1,0,0,1,0,5.365233061427191
0,2,25.395959044514484,0,0,4.1536375788999305,0,1,1,4.1536375788999305,1.6397027913448212,0,0,1,0,1,0,0,3.2794055826896424
0,2,25.598539624234085,0,1,1.8594120439979,0,2,0,0.92970602199895,1.0506160246757843,0,0,0,0,0,0,1,2.1012320493515686
0,3,29.843532548220768,1,0,17.154867803125377,0,2,0,8.577433901562689,2.8989387232713706,0,0,1,0,1,0,0,8.696816169814111
1,1,29.343990111089028,0,1,18.349585581695,0,2,0,9.1747927908475,2.9626710022797775,0,0,1,0,0,0,1,2.9626710022797775
0,3,18.14112456220157,0,0,16.048537420390208,0,1,1,16.048537420390208,2.8360644182547614,0,0,1,0,1,0,0,8.508193254764285
1,1,18.89630763079245,0,2,41.5727455064648,0,3,0,13.857581835488267,3.751214271687239,1,0,0,0,0,1,0,3.751214271687239
0,3,32.627701148317584,1,2,7.363321953643751,0,4,0,1.8408304884109377,2.1238557110449374,0,0,1,0,1,0,0,6.371567133134812
1,3,13.94177246785812,0,0,8.676587862641899,0,1,1,8.676587862641899,2.269709345619309,0,0,1,0,1,0,0,6.809128036857927
1,1,11.936325390187136,0,0,38.50600066722861,0,1,1,38.50600066722861,3.676452575995107,0,0,1,0,0,0,1,3.676452575995107
1,1,29.323202396082262,0,0,8.90816779557747,1,1,1,8.90816779557747,2.293359446846799,0,1,0,0,0,0,1,2.293359446846799
0,3,36.32961423858031,0,0,5.076263945743805,0,1,1,5.076263945743805,1.8043900244983349,0,0,1,0,1,0,0,5.413170073495005
0,3,33.60590679424291,0,1,14.930997583344023,1,2,0,7.465498791672012,2.7682667448955622,0,1,0,0,1,0,0,8.304800234686686
0,3,27.826502137492653,1,0,15.014775158474752,1,2,0,7.507387579237376,2.7735117435292085,1,0,0,1,0,0,0,8.320535230587625
0,3,19.76789664468341,0,0,4.619455348634441,1,1,1,4.619455348634441,1.7262347461548562,0,0,1,0,1,0,0,5.178704238464569
1,1,20.94534639946029,0,0,51.77560135997379,0,1,1,51.77560135997379,3.966048988458167,0,0,1,0,0,0,1,3.966048988458167
0,2,12.510527630748,1,1,4.450209169519718,0,3,0,1.4834030565065728,1.6956539876670584,0,0,1,0,1,0,0,3.391307975334117
1,1,28.42435363304804,0,2,19.84024843496909,1,3,0,6.613416144989697,3.036886137877887,1,0,1,0,0,1,0,3.036886137877887
0,3,30.86502753065428,0,0,0.3194405030069349,1,1,1,0.3194405030069349,0.27720778538527974,1,0,1,1,0,0,0,0.8316233561558393
1,3,25.61597423897435,0,0,31.106790268841632,0,1,1,31.106790268841632,3.469067542620507,1,1,0,1,0,0,0,10.40720262786152
1,2,12.404948857836477,0,0,4.897977004400392,1,1,1,4.897977004400392,1.7746094115045736,0,1,0,0,1,0,0,3.5492188230091473
1,1,62.377878311569646,0,0,21.686038484146696,0,1,1,21.686038484146696,3.1217496905184983,0,0,1,0,0,0,1,3.1217496905184983
0,2,18.807308888602787,0,0,6.788578545301608,0,1,1,6.788578545301608,2.0526583715127193,0,0,1,0,1,0,0,4.105316743025439
0,2,42.3410602342249,1,0,2.8211464579929024,0,2,0,1.4105732289964512,1.3405504974849474,0,0,1,0,1,0,0,2.6811009949698947
0,3,29.843532548220768,3,0,13.968599380270147,0,4,0,3.492149845067537,2.70595463228216,0,0,1,0,1,0,0,8.11786389684648
0,3,23.06714590761287,0,0,1.0701905342242564,1,1,1,1.0701905342242564,0.7276406485603133,0,0,1,0,1,0,0,2.18292194568094
0,3,33.64325693229949,0,0,1.974226805514512,0,1,1,1.974226805514512,1.0899841079123889,0,1,0,0,1,0,0,3.269952323737167
0,3,29.843532548220768,0,0,14.178848523775718,1,1,1,14.178848523775718,2.719902914266627,0,0,0,0,1,0,0,8.159708742799882
1,1,23.516294773425464,1,0,34.86011463742803,0,2,0,17.430057318714017,3.5796256649768976,1,0,1,1,0,0,0,3.5796256649768976
0,3,34.15640132798435,0,0,16.86227259281224,1,1,1,16.86227259281224,2.8826908121917265,0,1,0,0,1,0,0,8.64807243657518
0,3,28.14465957331526,0,0,11.16748321819399,0,1,1,11.16748321819399,2.4987670834924676,0,0,1,0,1,0,0,7.496301250477403
1,3,38.2419460427852,1,0,4.051675030689079,0,2,0,2.0258375153445396,1.6197198775359138,1,1,0,0,0,1,0,4.859159632607741
0,3,22.243837897945543,1,0,14.415009846069502,0,2,0,7.207504923034751,2.7353417000709297,0,0,1,0,1,0,0,8.20602510021279
1,3,27.826502137492653,1,0,1.6934276459665654,0,2,0,0.8467138229832827,0.9908146003186052,1,0,1,0,0,1,0,2.9724438009558156
0,3,17.382835618158822,0,2,10.53195123231349,0,3,0,3.5106504107711634,2.4451215508661983,0,0,0,0,1,0,0,7.335364652598595
0,2,33.84327718129197,1,0,11.897092114091274,1,2,0,5.948546057045637,2.557001868444976,0,0,1,0,1,0,0,5.114003736889952
1,1,21.21175390314537,1,0,26.191374624480947,0,2,0,13.095687312240473,3.302899813618053,1,1,0,0,0,1,0,3.302899813618053
1,1,27.411824508686,0,0,77.81370982237353,1,1,1,77.81370982237353,4.367086964248061,1,0,1,0,0,1,0,4.367086964248061
1,1,27.411824508686,0,0,172.2447057403648,0,1,1,172.2447057403648,5.154705079105919,1,0,1,0,0,1,0,5.154705079105919
0,3,19.548459187708733,0,0,93.38915667126028,0,1,1,93.38915667126028,4.547426200783329,0,0,1,0,1,0,0,13.642278602349988
0,2,16.721534009333507,3,0,19.372890717591133,0,4,0,4.843222679397783,3.0142051307050326,0,0,1,0,1,0,0,6.028410261410065
0,3,46.92855217677428,0,0,7.106185434039751,1,1,1,7.106185434039751,2.092627404090496,0,0,1,0,1,0,0,6.2778822122714875
0,3,40.039070140965855,0,0,3.4956853065288565,1,1,1,3.4956853065288565,1.503118116042235,0,0,1,0,1,0,0,4.509354348126705
1,2,16.36468890427258,0,0,6.151803375528492,0,1,1,6.151803375528492,1.9673645452573454,1,0,1,0,0,1,0,3.9347290905146908
0,2,15.16324263520455,1,0,13.51459317529117,1,2,0,6.757296587645585,2.6751545692016947,0,0,1,0,1,0,0,5.350309138403389
1,3,22.447959222884144,0,0,6.2708141379236135,0,1,1,6.2708141379236135,1.9838682712347002,1,0,1,1,0,0,0,5.951604813704101
0,1,15.710696069167476,0,0,205.90530168042076,0,1,1,205.90530168042076,5.332261208784827,0,0,1,0,0,0,1,5.332261208784827
0,1,29.343990111089028,0,0,38.58401452639483,0,1,1,38.58401452639483,3.678425363186436,0,0,0,0,0,0,1,3.678425363186436
0,2,11.098891675732258,1,1,9.677623979655866,0,3,0,3.2258746598852888,2.3681503349660846,0,0,1,0,1,0,0,4.736300669932169
1,1,27.411824508686,0,0,40.63524689145286,0,1,1,40.63524689145286,3.7289470895717947,1,0,1,0,0,0,1,3.7289470895717947
1,3,33.26486172350679,0,0,24.819985732132576,0,1,1,24.819985732132576,3.2511488328285907,1,0,1,1,0,0,0,9.753446498485772
1,3,36.03358402132102,1,2,14.413455038649056,1,4,0,3.603363759662264,2.735240831770962,1,0,1,0,0,1,0,8.205722495312886
1,3,29.38726504875728,0,0,13.047269545531574,0,1,1,13.047269545531574,2.6424280384972723,1,0,1,0,0,1,0,7.927284115491817
0,3,27.826502137492653,1,0,5.57152120363796,0,2,0,2.78576060181898,1.8827453435402077,1,0,1,0,0,1,0,5.648236030620623
0,3,39.58638745532648,0,0,23.334144544665925,0,1,1,23.334144544665925,3.1918804893766253,1,0,1,1,0,0,0,9.575641468129875
1,1,29.343990111089028,0,1,3.2860072662929327,0,2,0,1.6430036331464664,1.4553555924052752,0,0,1,0,0,0,1,1.4553555924052752
0,3,17.345150777212574,0,2,28.035293686649407,1,3,0,9.345097895549802,3.3685121136910396,0,1,0,0,1,0,0,10.105536341073119
0,3,29.843532548220768,0,0,9.8499949686521,0,1,1,9.8499949686521,2.3841646162676606,0,0,1,0,1,0,0,7.1524938488029814
1,3,27.826502137492653,1,0,6.958416218889567,0,2,0,3.4792081094447833,2.074230012583452,1,0,1,1,0,0,0,6.222690037750356
0,3,44.592593916232445,0,0,9.4187189042042,0,1,1,9.4187189042042,2.343604082913036,1,0,1,0,0,1,0,7.0308122487391085
0,2,25.598539624234085,1,0,22.787831138200595,0,2,0,11.393915569100297,3.169174153206431,0,1,0,0,0,0,1,6.338348306412862
1,1,21.611842690982822,0,0,1.0791987934242824,0,1,1,1.0791987934242824,0.7319826240373002,1,0,1,0,0,1,0,0.7319826240373002
1,1,35.59896670255908,0,0,172.38732069721925,0,1,1,172.38732069721925,5.155527939972916,1,0,1,1,0,0,0,5.155527939972916
0,2,25.598539624234085,0,0,12.252875801427392,0,1,1,12.252875801427392,2.5842145704992685,0,0,1,0,1,0,0,5.168429140998537
0,3,41.9949837178977,4,1,5.754278143363597,0,6,0,0.9590463572272662,1.9101761031354965,0,0,1,0,1,0,0,5.730528309406489
0,3,7.035322111074461,0,0,2.0383535112706386,1,1,1,2.0383535112706386,1.1113157605608064,1,0,1,0,0,1,0,3.333947281682419
0,1,27.04066654929929,0,0,48.624598010744414,1,1,1,48.624598010744414,3.9044866384353893,0,1,0,0,0,0,1,3.9044866384353893
1,3,27.826502137492653,0,0,9.395729003360476,1,1,1,9.395729003360476,2.3413950490443773,1,0,1,0,0,1,0,7.024185147133132
1,2,51.20453081242789,0,1,10.70028525667309,0,2,0,5.350142628336545,2.4596132224187306,0,0,1,0,0,0,1,4.919226444837461
1,1,27.411824508686,0,0,95.3614887416815,0,1,1,95.3614887416815,4.568106627416464,1,0,1,0,0,1,0,4.568106627416464
1,1,34.31817322024105,1,0,45.88702528780677,1,2,0,22.943512643903386,3.847740990863162,1,0,1,0,0,1,0,3.847740990863162
1,2,30.57965454895384,0,0,67.37764076073312,1,1,1,67.37764076073312,4.225045881725531,1,0,1,0,0,1,0,8.450091763451063
1,3,48.82387481768348,1,0,12.5284603325511,1,2,0,6.26423016627555,2.604795639147961,0,0,1,0,1,0,0,7.814386917443883
1,2,58.81833184134433,0,2,34.10417139493449,0,3,0,11.36805713164483,3.558319966571058,1,0,1,0,0,1,0,7.116639933142116
0,3,28.520831253453352,0,0,1.5866021187626511,0,1,1,1.5866021187626511,0.9503450911290553,1,0,1,0,0,1,0,2.851035273387166
0,3,31.27810276958525,1,0,6.936601424359072,1,2,0,3.468300712179536,2.0714851514305246,0,0,1,0,1,0,0,6.214455454291574
1,2,29.930379863891222,0,0,8.502537501449634,0,1,1,8.502537501449634,2.2515588683559455,1,0,1,1,0,0,0,4.503117736711891
0,3,15.872783381239646,3,0,11.545908526080872,0,4,0,2.886477131520218,2.529394598565624,0,0,1,0,1,0,0,7.588183795696873
0,3,16.823776291942668,0,1,27.04514767742126,0,2,0,13.52257383871063,3.333815628677271,0,0,1,0,1,0,0,10.001446886031813
0,2,20.398169655061604,2,0,1.6886429326641983,1,3,0,0.5628809775547328,0.9890365803194328,0,0,1,0,1,0,0,1.9780731606388655
0,3,39.24710035104602,0,0,1.0322009158617589,1,1,1,1.0322009158617589,0.7091194007445542,0,0,1,0,1,0,0,2.1273582022336623
0,2,28.913786632193425,0,0,39.31427391025172,0,1,1,39.31427391025172,3.6967055975630814,0,0,1,0,1,0,0,7.393411195126163
1,2,29.930379863891222,0,0,4.954266809080428,1,1,1,4.954266809080428,1.7841080733262882,1,0,1,1,0,0,0,3.5682161466525764
0,1,47.52372300802013,0,2,92.81090502466633,1,3,0,30.936968341555442,4.541281107513414,0,0,0,0,0,0,1,4.541281107513414
1,3,27.826502137492653,0,0,10.724431991349078,1,1,1,10.724431991349078,2.461674868924263,1,0,1,0,0,1,0,7.38502460677279
0,3,20.024633781141,0,1,24.51100582946208,0,2,0,12.25550291473104,3.2391099602067683,0,0,1,0,1,0,0,9.717329880620305
0,1,26.081196805729554,0,1,11.225172758427483,0,2,0,5.612586379213742,2.5034971668297965,0,1,0,0,0,0,1,2.5034971668297965
0,2,58.69342948348561,0,0,2.8775615187904946,0,1,1,2.8775615187904946,1.355206481523743,0,1,0,0,1,0,0,2.710412963047486
1,3,20.313908857914,1,0,11.14872532308222,1,2,0,5.57436266154111,2.4972242526024666,1,0,1,1,0,0,0,7.4916727578074
0,1,35.614675449808146,0,0,228.22851785115293,0,1,1,228.22851785115293,5.434719400534981,0,1,0,0,0,0,1,5.434719400534981
1,1,29.343990111089028,0,0,45.03572639267163,1,1,1,45.03572639267163,3.8294177557544886,0,0,1,0,1,0,0,3.8294177557544886
1,3,15.273918769153909,0,0,5.424157713959533,1,1,1,5.424157713959533,1.8600655270839948,1,0,1,1,0,0,0,5.580196581251984
0,3,29.843532548220768,0,0,12.784229708841574,1,1,1,12.784229708841574,2.623525163976612,0,0,1,0,1,0,0,7.870575491929836
0,2,24.356453772890248,0,0,55.17976725244085,0,1,1,55.17976725244085,4.028556678777535,0,0,1,0,1,0,0,8.05711335755507
0,3,21.698359142981943,0,0,24.84580533035662,0,1,1,24.84580533035662,3.2521483181685995,0,0,1,0,1,0,0,9.756444954505799
0,3,27.826502137492653,2,0,73.98058141648772,0,3,0,24.660193805495908,4.317229165565348,1,0,1,0,0,1,0,12.951687496696046
0,1,29.016226353512693,1,0,1.9174807199467536,0,2,0,0.9587403599733768,1.0707204767408869,0,0,0,0,0,0,1,1.0707204767408869
0,3,52.5571399975578,0,0,1.6405802391048816,0,1,1,1.6405802391048816,0.9709986805482098,1,1,0,1,0,0,0,2.9129960416446297
0,2,20.77862086500661,0,0,19.46306655086785,0,1,1,19.46306655086785,3.018621629589122,0,1,0,0,1,0,0,6.037243259178244
1,3,15.95178556580445,0,1,23.53668230443421,0,2,0,11.768341152217104,3.200169234724712,1,1,0,0,0,1,0,9.600507704174136
1,3,27.826502137492653,0,0,4.600659090943733,0,1,1,4.600659090943733,1.7228842856269935,1,0,0,1,0,0,0,5.16865285688098
1,3,27.826502137492653,1,1,3.745570985874435,1,3,0,1.248523661958145,1.5572117590424226,1,0,1,0,0,1,0,4.671635277127268
0,1,26.372963220532704,0,0,129.89335815104087,0,1,1,129.89335815104087,4.874382931758726,0,0,1,0,0,0,1,4.874382931758726
0,3,29.150552443708392,0,0,0.7950617019436027,0,1,1,0.7950617019436027,0.5850393956912979,1,0,1,1,0,0,0,1.7551181870738937
0,2,25.598539624234085,0,0,9.543859509196505,0,1,1,9.543859509196505,2.355543653429777,0,1,0,0,1,0,0,4.711087306859554
0,1,26.933062502117384,0,0,59.20602636998051,0,1,1,59.20602636998051,4.097772453118153,0,0,1,0,0,0,1,4.097772453118153
0,1,29.343990111089028,1,0,69.02895786553304,0,2,0,34.51447893276652,4.248908840299139,0,1,0,0,0,0,1,4.248908840299139
0,3,52.26154883366375,0,0,17.86777810373876,0,1,1,17.86777810373876,2.937455604898057,1,0,1,1,0,0,0,8.81236681469417
1,3,47.486407336703074,1,0,6.004241491616432,0,2,0,3.002120745808216,1.9465158929292194,1,0,1,0,0,1,0,5.839547678787659
1,1,46.428104440268896,5,0,79.67528281236955,0,6,0,13.27921380206159,4.3904322435082,1,1,0,1,0,0,0,4.3904322435082
1,3,43.30096357307899,0,0,12.061230679320287,0,1,1,12.061230679320287,2.5696483521284383,0,0,1,0,1,0,0,7.708945056385315
1,1,37.38617920368504,1,2,66.630826482679,0,4,0,16.65770662066975,4.214063892163944,0,0,1,0,0,0,1,4.214063892163944
1,3,27.826502137492653,0,0,14.015026436718829,0,1,1,14.015026436718829,2.7090514621209785,1,0,1,1,0,0,0,8.127154386362935
0,1,29.343990111089028,4,0,25.230324526130072,0,5,0,5.0460649052260145,3.2669161661289734,0,0,1,0,0,0,1,3.2669161661289734
0,3,31.743063852792247,4,0,1.211729537609061,0,5,0,0.24234590752181223,0.793774805664123,0,0,1,0,1,0,0,2.381324416992369
0,2,18.222417172988685,1,0,2.6290256160891383,0,2,0,1.3145128080445692,1.2889641869244384,0,0,1,0,1,0,0,2.5779283738488767
0,3,56.22472315610146,0,1,3.484643411286563,0,2,0,1.7423217056432816,1.500658985390396,0,0,1,0,1,0,0,4.5019769561711875
0,1,23.97047541601936,1,0,58.25762291858408,1,2,0,29.12881145929204,4.081894428593397,0,0,1,0,0,0,1,4.081894428593397
0,2,11.787946461487897,0,2,37.99179655151832,0,3,0,12.66393218383944,3.6633512791712057,0,1,0,0,0,0,1,7.3267025583424115
0,1,29.343990111089028,1,0,101.49663420803586,0,2,0,50.74831710401793,4.629829961044545,0,0,1,0,0,0,1,4.629829961044545
0,3,33.810893543000965,1,0,21.31842753371326,1,2,0,10.65921376685663,3.105412684032812,0,0,1,0,1,0,0,9.316238052098436
1,3,18.22411731238424,0,2,5.922304548600343,0,3,0,1.9741015162001145,1.9347487414426956,1,1,0,1,0,0,0,5.804246224328087
0,2,26.212798892632588,0,2,10.735270384979438,0,3,0,3.578423461659813,2.462598869939078,0,0,1,0,1,0,0,4.925197739878156
0,3,11.92014703428794,0,0,6.8548017134986186,0,1,1,6.8548017134986186,2.061125028040604,0,1,0,0,1,0,0,6.1833750841218125
0,3,27.826502137492653,0,1,2.9185970741130527,1,2,0,1.4592985370565263,1.3657337004878527,1,0,1,1,0,0,0,4.097201101463558
0,3,28.205389352165167,0,0,0.8654366616434489,0,1,1,0.8654366616434489,0.6234951606199371,0,0,1,0,1,0,0,1.8704854818598116
0,3,26.890502903148864,1,1,12.245539389967917,1,3,0,4.081846463322639,2.5836608459392196,1,0,1,0,0,1,0,7.750982537817659
1,1,39.82518102078602,2,0,228.22851785115293,0,3,0,76.07617261705097,5.434719400534981,1,0,0,1,0,0,0,5.434719400534981
0,1,29.343990111089028,2,0,15.331446637536429,1,3,0,5.110482212512143,2.793092490782928,0,1,0,0,0,0,1,2.793092490782928
0,3,29.843532548220768,0,0,0.654992970419437,1,1,1,0.654992970419437,0.503796761339303,0,0,1,0,1,0,0,1.5113902840179088
0,3,36.0253269550642,1,0,20.714417483387056,0,2,0,10.357208741693528,3.0779764400864287,1,0,1,0,0,1,0,9.233929320259286
1,3,19.886070372402557,1,0,3.988563740425292,0,2,0,1.994281870212646,1.6071480407630403,1,1,0,0,0,1,0,4.821444122289121
0,2,18.16454845117973,0,0,36.63618006598123,0,1,1,36.63618006598123,3.6279658235411203,0,0,1,0,1,0,0,7.255931647082241
0,2,56.42353572766913,0,0,25.19566501584859,0,1,1,25.19566501584859,3.2655939396671045,0,1,0,0,1,0,0,6.531187879334209
1,3,24.279308898106382,0,0,39.90459038368471,0,1,1,39.90459038368471,3.7112422910708758,0,0,1,0,1,0,0,11.133726873212627
1,3,33.626394517314424,1,0,7.203681235925011,0,2,0,3.6018406179625053,2.1045829847411075,1,0,1,0,0,1,0,6.313748954223323
0,3,34.28458021242548,0,0,14.859296124671598,0,1,1,14.859296124671598,2.7637558346841264,0,0,1,0,1,0,0,8.29126750405238
1,3,13.488311694264636,1,0,8.565474697254809,0,2,0,4.282737348627404,2.258160230228957,1,0,1,1,0,0,0,6.774480690686871
0,3,30.766528527053964,0,0,13.643071215264516,0,1,1,13.643071215264516,2.6839672689953247,1,0,1,1,0,0,0,8.051901806985974
0,1,30.048449898135488,1,1,50.15707239762973,0,3,0,16.719024132543243,3.934900750632873,0,0,0,0,1,0,0,3.934900750632873
0,1,29.343990111089028,0,0,17.558845139659216,1,1,1,17.558845139659216,2.9209465023434125,0,0,1,0,0,0,1,2.9209465023434125
0,3,29.843532548220768,0,0,9.71423269826886,0,1,1,9.71423269826886,2.371573016307182,0,0,1,0,1,0,0,7.114719048921546
0,3,39.155816618302026,0,0,10.302602416241486,0,1,1,10.302602416241486,2.4250330015250414,0,0,1,0,1,0,0,7.275099004575124
0,1,39.87132857077755,0,0,139.7688109944038,0,1,1,139.7688109944038,4.947118906362516,0,0,1,0,0,0,1,4.947118906362516
0,1,24.64844158534733,1,0,111.71935433580626,0,2,0,55.85967716790313,4.724901139538234,0,1,0,0,0,0,1,4.724901139538234
1,3,27.826502137492653,0,0,14.9333307783071,0,1,1,14.9333307783071,2.7684131904719926,1,1,0,0,0,1,0,8.305239571415978
1,1,19.354381367233792,0,1,10.10913135075236,0,2,0,5.05456567537618,2.4077674143439216,0,0,1,0,1,0,0,2.4077674143439216
0,1,11.84766735006613,0,0,107.11420773834034,1,1,1,107.11420773834034,4.683188147445814,0,0,0,0,0,0,1,4.683188147445814
1,3,27.826502137492653,0,0,9.504480210322551,0,1,1,9.504480210322551,2.351801852855981,1,1,0,0,0,1,0,7.0554055585679425
0,3,22.23845932496337,0,0,30.76000234875937,0,1,1,30.76000234875937,3.458207710332313,1,1,0,0,0,1,0,10.374623130996937
1,3,10.729564973263995,0,1,34.580397706989665,0,2,0,17.290198853494832,3.5717948599995477,1,0,1,0,0,1,0,10.715384579998643
1,1,19.970983778427783,1,0,4.765829842988682,0,2,0,2.382914921494341,1.7519490883729796,1,1,0,0,0,1,0,1.7519490883729796
1,3,29.843532548220768,0,0,23.541655563915683,0,1,1,23.541655563915683,3.200371900899424,0,0,1,0,1,0,0,9.601115702698273
0,1,29.343990111089028,1,0,3.2278104441065225,1,2,0,1.6139052220532613,1.4416842335371234,0,0,1,0,0,0,1,1.4416842335371234
1,2,23.402244258743472,8,0,9.471344281297789,1,9,0,1.0523715868108654,2.3486424102698953,1,1,0,1,0,0,0,4.697284820539791
0,3,27.826502137492653,0,0,10.707115509402382,0,1,1,10.707115509402382,2.460196820144203,1,0,1,0,0,1,0,7.380590460432609
0,3,22.09086493905092,0,0,2.1959328233744686,0,1,1,2.1959328233744686,1.1618790087139366,0,0,1,0,1,0,0,3.4856370261418097
0,3,27.826502137492653,0,1,18.79170443948812,1,2,0,9.39585221974406,2.9852628822063796,1,1,0,0,0,1,0,8.955788646619139
1,3,16.577964136673536,3,0,0.1149402644993036,0,4,0,0.0287350661248259,0.10880082903683405,0,1,0,0,1,0,0,0.3264024871105021
0,3,29.843532548220768,1,0,2.5296105745279744,1,2,0,1.2648052872639872,1.2611875460290336,0,0,1,0,1,0,0,3.783562638087101
0,1,32.49849164327052,0,0,73.02956502504308,0,1,1,73.02956502504308,4.3044645407798106,0,1,0,0,1,0,0,4.3044645407798106
0,2,29.31098243066132,1,0,25.939573632930813,0,2,0,12.969786816465406,3.2935963443139484,0,0,1,0,1,0,0,6.587192688627897
0,2,25.598539624234085,0,0,51.43171518718512,0,1,1,51.43171518718512,3.95951165989992,0,0,1,0,1,0,0,7.91902331979984
0,2,43.91561376607781,4,0,25.30502358135996,0,5,0,5.061004716271992,3.2697599316415955,0,1,0,0,1,0,0,6.539519863283191
0,3,22.374886662822533,3,0,15.262744483365834,0,4,0,3.8156861208414585,2.7888768772915444,1,0,1,1,0,0,0,8.366630631874633
0,2,15.622006519241134,0,1,10.379774863456287,0,2,0,5.189887431728144,2.4318376449749213,0,0,1,0,1,0,0,4.8636752899498426
0,3,13.785548855192244,0,0,0.0176079401833815,0,1,1,0.0176079401833815,0.017454716426444326,0,0,1,0,1,0,0,0.05236414927933298
0,3,44.19452229524046,0,0,1.7537967830177257,0,1,1,1.7537967830177257,1.012980607829953,1,0,1,1,0,0,0,3.038941823489859
1,3,8.41193327314836,0,1,10.47721698251142,1,2,0,5.23860849125571,2.4403639383760014,1,0,1,1,0,0,0,7.321091815128004
0,3,33.77006792112903,1,0,15.403318606408694,0,2,0,7.701659303204347,2.797483668408644,1,1,0,0,0,1,0,8.392451005225933
1,3,27.826502137492653,0,0,7.402621208278658,0,1,1,7.402621208278658,2.1285437057768304,1,1,0,0,0,1,0,6.385631117330491
0,3,27.826502137492653,0,0,17.97236342735267,0,1,1,17.97236342735267,2.9429833638171385,1,0,1,0,0,1,0,8.828950091451416
0,1,54.09664751726642,0,0,61.97994624360803,0,1,1,61.97994624360803,4.142816362125484,0,1,0,0,0,0,1,4.142816362125484
1,3,17.048914449476698,4,1,1.0558773369090113,0,6,0,0.17597955615150188,0.7207026847766551,0,0,1,0,1,0,0,2.1621080543299653
0,2,35.51923115903932,0,0,4.413515998221128,0,1,1,4.413515998221128,1.6888987890098779,0,0,1,0,1,0,0,3.3777975780197558
1,1,29.47832615100697,0,0,153.93591016310725,1,1,1,153.93591016310725,5.043011548592991,0,1,0,0,1,0,0,5.043011548592991
1,3,57.24690183324469,0,0,17.68213716893744,1,1,1,17.68213716893744,2.927567835728458,0,0,1,0,1,0,0,8.782703507185374
1,1,24.51323021588856,4,0,189.128579115904,0,5,0,37.8257158231808,5.247700575469481,1,0,1,1,0,0,0,5.247700575469481
1,3,33.87727771673582,1,0,1.7133406841158163,0,2,0,0.8566703420579082,0.9981806004762628,0,0,1,0,1,0,0,2.994541801428788
0,3,29.39315746722238,0,0,63.39914738518664,0,1,1,63.39914738518664,4.165100393662211,0,0,1,0,1,0,0,12.495301180986633
0,3,12.503340612411105,0,1,3.2191111991597614,1,2,0,1.6095555995798807,1.4396244895523373,0,1,0,0,1,0,0,4.318873468657012
1,2,29.930379863891222,0,2,0.2452910415218364,0,3,0,0.0817636805072788,0.2193692708877533,1,0,1,0,0,1,0,0.4387385417755066
1,1,20.99647445987748,0,0,228.22851785115293,0,1,1,228.22851785115293,5.434719400534981,0,0,1,0,1,0,0,5.434719400534981
1,3,29.484305991480333,0,0,4.520954624768912,0,1,1,4.520954624768912,1.7085507846064627,1,0,1,0,0,1,0,5.1256523538193886
0,2,34.1735050294492,2,2,22.82545330633171,0,5,0,4.565090661266342,3.1707544758579718,0,0,1,0,1,0,0,6.3415089517159435
0,3,49.23920827281435,0,0,2.6634600629532343,0,1,1,2.6634600629532343,1.2984080732218255,0,0,1,0,1,0,0,3.8952242196654767
0,3,7.352844215161003,1,0,11.89221430906495,0,2,0,5.946107154532475,2.5566235872299288,0,0,1,0,1,0,0,7.669870761689786
1,3,28.005774661563496,0,0,32.1096708675907,0,1,1,32.1096708675907,3.4998254109356215,1,1,0,1,0,0,0,10.499476232806865
0,2,14.327536411004866,1,1,7.988729037252275,1,3,0,2.6629096790840916,2.195971463322519,0,0,0,0,1,0,0,4.391942926645038
0,2,35.73382925620776,1,1,22.965253685874757,0,3,0,7.655084561958252,3.1766050182378014,1,0,1,1,0,0,0,6.353210036475603
0,3,67.73812376739556,0,0,2.8514661162065016,1,1,1,2.8514661162065016,1.3484538852144803,0,0,1,0,1,0,0,4.045361655643441
0,2,23.86996678992952,0,0,20.291874626516112,0,1,1,20.291874626516112,3.0583255270025544,0,0,1,0,1,0,0,6.116651054005109
1,1,18.963454972907147,0,0,34.4527344255354,0,1,1,34.4527344255354,3.5682003847152663,1,0,0,1,0,0,0,3.5682003847152663
0,3,22.30744629656064,0,0,3.250365354183401,1,1,1,3.250365354183401,1.4470049449316993,1,0,0,1,0,0,0,4.341014834795098
0,3,14.433422796975568,0,0,5.146898414035487,0,1,1,5.146898414035487,1.8159476316837901,1,0,1,0,0,1,0,5.44784289505137
0,3,5.626605360587512,0,1,2.6994288946392726,0,2,0,1.3497144473196363,1.3081784549363626,1,1,0,1,0,0,0,3.924535364809088
1,3,31.50101389795871,8,0,31.81047009929821,1,9,0,3.534496677699801,3.490747674797773,1,0,1,0,0,1,0,10.472243024393318
1,1,27.411824508686,0,1,42.51643685938743,0,2,0,21.258218429693716,3.773138725560459,1,0,1,1,0,0,0,3.773138725560459
1,3,19.20894379411086,1,0,3.8552832780162194,0,2,0,1.9276416390081097,1.5800674477272703,1,0,1,1,0,0,0,4.740202343181811
0,3,16.057616863525425,0,0,13.893017272044546,0,1,1,13.893017272044546,2.700892463645524,1,0,1,0,0,1,0,8.102677390936572
1,1,40.33066154243458,1,0,32.46190688362401,0,2,0,16.230953441812005,3.5104076838817346,1,0,1,1,0,0,0,3.5104076838817346
0,3,47.426364047080654,0,0,18.689771354971644,1,1,1,18.689771354971644,2.980099280342456,0,0,1,0,1,0,0,8.940297841027368
0,3,29.746282488215805,1,0,48.60857976741909,1,2,0,24.304289883709544,3.9041637979535446,1,0,1,0,0,1,0,11.712491393860635
0,3,8.732497152488857,0,2,7.895492459944534,0,3,0,2.6318308199815115,2.185544683266516,0,0,1,0,1,0,0,6.556634049799548
1,3,25.64706241491418,0,1,27.037246773444284,1,2,0,13.518623386722142,3.3335338680960187,1,0,1,0,0,1,0,10.000601604288056
0,3,32.552179572564896,0,0,11.431215554246895,0,1,1,11.431215554246895,2.5202106927161068,1,0,1,1,0,0,0,7.56063207814832
0,2,24.31695398785016,0,0,3.541105847435877,0,1,1,3.541105847435877,1.5131705611231434,0,0,1,0,0,0,1,3.026341122246287
1,2,25.675005366692524,0,2,24.285112640411583,0,3,0,8.09503754680386,3.230215789353409,1,0,1,0,0,1,0,6.460431578706818
0,3,29.843532548220768,0,0,9.869257311465908,1,1,1,9.869257311465908,2.3859383741867335,0,0,1,0,1,0,0,7.1578151225602005
1,3,24.57635877217575,0,0,14.406324753153964,0,1,1,14.406324753153964,2.7347781233628896,0,0,1,0,1,0,0,8.204334370088668
1,3,42.04826526914827,1,0,30.20079017845597,0,2,0,15.100395089227986,3.4404434207272963,1,0,1,0,0,1,0,10.321330262181888
0,3,30.556730538946148,0,2,7.9541489729011134,0,3,0,2.6513829909670377,2.1921169972614645,0,0,1,0,1,0,0,6.576350991784393
0,3,21.35349110194418,0,0,31.70770763478692,1,1,1,31.70770763478692,3.487610757614401,1,0,1,1,0,0,0,10.462832272843203
0,3,24.350378477527656,1,0,19.028943872448764,0,2,0,9.514471936224382,2.997178421000963,1,0,1,0,0,1,0,8.991535263002888
0,3,49.32380902373597,0,2,9.187396021909292,0,3,0,3.0624653406364306,2.3211512720765435,0,1,0,0,1,0,0,6.963453816229631
0,3,29.843532548220768,0,0,12.663988060614734,0,1,1,12.663988060614734,2.6147637632617817,0,0,1,0,1,0,0,7.844291289785345
0,3,19.98825752794912,0,0,5.396483375117449,0,1,1,5.396483375117449,1.855748366712316,0,0,1,0,1,0,0,5.567245100136948
0,3,25.6482565823803,3,0,56.31123751453888,0,4,0,14.07780937863472,4.048496721674413,0,0,1,0,1,0,0,12.145490165023238
1,3,20.73351826998334,1,1,15.079150080930214,0,3,0,5.026383360310072,2.7775234066903667,1,0,1,1,0,0,0,8.3325702200711
0,2,48.25809993988304,1,0,0.9281296803899496,0,2,0,0.4640648401949748,0.6565504555394375,0,0,1,0,1,0,0,1.313100911078875
0,2,42.51417898840724,0,5,8.185779869048824,0,6,0,1.3642966448414706,2.217656621872598,0,0,1,0,1,0,0,4.435313243745196
1,1,25.37802977607908,1,0,82.01293643270428,0,2,0,41.00646821635214,4.418996456286583,0,0,1,0,0,0,1,4.418996456286583
0,3,65.22235708462838,0,0,0.794356464540394,1,1,1,0.794356464540394,0.5846464420817862,0,0,0,0,1,0,0,1.7539393262453586
1,1,31.626811239528426,0,5,2.030619626520074,1,6,0,0.3384366044200124,1.10876709581592,1,0,1,1,0,0,0,1.10876709581592
0,3,52.54552981977264,0,0,8.190970708258977,0,1,1,8.190970708258977,2.21822155736828,0,0,1,0,1,0,0,6.654664672104841
0,3,50.28314921009901,0,0,5.541661544997176,0,1,1,5.541661544997176,1.8781911920696879,1,0,1,1,0,0,0,5.634573576209064
0,2,33.725651742077495,0,0,11.93944745721348,1,1,1,11.93944745721348,2.5602805877911665,0,0,0,0,1,0,0,5.120561175582333
1,3,15.633224880211037,0,0,4.175093360984671,0,1,1,4.175093360984671,1.6438573797586848,1,1,0,0,0,1,0,4.931572139276055
0,1,28.749151576099862,0,0,15.118789025469974,0,1,1,15.118789025469974,2.779985611767191,0,0,1,0,0,0,1,2.779985611767191
1,1,19.659587335060134,0,0,98.14756795166244,1,1,1,98.14756795166244,4.596609325685262,0,1,0,0,1,0,0,4.596609325685262
1,3,35.42897589684989,1,0,9.901298009555097,0,2,0,4.950649004777548,2.388881865590649,1,0,1,0,0,1,0,7.1666455967719465
1,2,32.87243854345679,0,1,4.623062112916068,0,2,0,2.311531056458034,1.7268763754727916,0,1,0,0,1,0,0,3.453752750945583
1,1,30.92168083271144,1,0,32.34494576081911,0,2,0,16.172472880409554,3.506906209476832,1,1,0,1,0,0,0,3.506906209476832
0,3,27.826502137492653,0,6,12.275438391312068,0,7,0,1.753634055901724,2.585915590410379,1,0,1,0,0,1,0,7.757746771231138
1,3,32.22173881995891,1,0,1.0270988540768593,0,2,0,0.5135494270384297,0.7066056349422098,0,0,1,0,1,0,0,2.1198169048266298
1,1,29.343990111089028,0,0,13.400263820847655,0,1,1,13.400263820847655,2.667246527306328,0,0,1,0,0,0,1,2.667246527306328
0,3,27.826502137492653,0,0,1.0421137025953853,0,1,1,1.0421137025953853,0.7139854001684827,1,0,1,0,0,1,0,2.141956200505448
0,1,20.59904381583309,0,0,140.53222531291996,1,1,1,140.53222531291996,4.952527431881659,0,0,1,0,0,0,1,4.952527431881659
0,1,16.861084422662987,0,0,117.26215449539797,0,1,1,117.26215449539797,4.772903808520306,0,1,0,0,0,0,1,4.772903808520306
1,3,40.53617571328125,1,1,19.17499506496192,0,3,0,6.391665021653973,3.00444396954443,0,0,1,0,1,0,0,9.01333190863329
0,3,26.01713052442339,0,2,17.261003641662608,0,3,0,5.753667880554203,2.904767837602834,0,0,1,0,1,0,0,8.714303512808502
0,3,30.98083235427128,0,2,15.163187455271432,0,3,0,5.054395818423811,2.7827362771622757,0,0,1,0,1,0,0,8.348208831486827
0,3,27.826502137492653,1,0,8.87976948910208,0,2,0,4.43988474455104,2.2904891804250602,1,0,1,1,0,0,0,6.87146754127518
1,3,44.96257873603663,0,1,14.083594350580498,0,2,0,7.041797175290249,2.7136076863389573,1,0,1,0,0,1,0,8.140823059016872
1,3,36.46935243637171,0,0,0.5358992768792922,0,1,1,0.5358992768792922,0.42911605762697197,1,0,1,1,0,0,0,1.287348172880916
1,2,29.293673257272097,0,0,20.10891594841309,0,1,1,20.10891594841309,3.0496955080268684,1,0,1,0,0,1,0,6.099391016053737
0,3,27.320837231410135,0,1,20.61202226772039,0,2,0,10.306011133860196,3.073249746321858,0,0,1,0,1,0,0,9.219749238965575
0,2,18.68538093866344,0,0,14.362988076724005,0,1,1,14.362988076724005,2.731961245044857,1,0,1,0,0,1,0,5.463922490089714
0,2,20.81894410873011,0,0,9.157870586178577,0,1,1,9.157870586178577,2.3182488322091572,0,0,0,0,0,0,1,4.6364976644183145
0,1,12.513113090897445,8,0,27.294662557423745,1,9,0,3.032740284158194,3.3426731846503834,0,0,1,0,0,0,1,3.3426731846503834
0,1,36.79637656319796,0,0,86.47507424066865,0,1,1,86.47507424066865,4.471353886960664,0,0,1,0,1,0,0,4.471353886960664
0,3,29.843532548220768,0,0,16.1695644592363,0,1,1,16.1695644592363,2.8431383082065396,0,0,1,0,1,0,0,8.52941492461962
1,3,39.04374529846272,0,0,28.053376869517763,0,1,1,28.053376869517763,3.3691347198990784,1,0,1,1,0,0,0,10.107404159697236
1,3,27.826502137492653,1,4,5.741097349551594,1,6,0,0.956849558258599,1.908222723178032,1,0,1,1,0,0,0,5.724668169534096
0,2,51.01702763732651,1,0,30.401810381610304,0,2,0,15.200905190805152,3.4468655467174916,0,0,1,0,1,0,0,6.893731093434983
0,1,23.906036614468217,0,0,69.22160515432873,0,1,1,69.22160515432873,4.2516560294127865,0,0,1,0,0,0,1,4.2516560294127865
1,1,34.86655841761273,1,0,180.11152355518908,0,2,0,90.05576177759454,5.199112993760585,1,1,0,0,0,0,1,5.199112993760585
0,2,14.846331611376876,0,0,15.532830747129944,0,1,1,15.532830747129944,2.8053481462416565,0,0,1,0,1,0,0,5.610696292483313
0,3,45.97118926542504,0,0,9.987895522697546,0,1,1,9.987895522697546,2.3967942598785354,0,0,1,0,1,0,0,7.190382779635606
0,3,37.62462504455547,0,0,11.815684616788252,0,1,1,11.815684616788252,2.5506697814704813,0,1,0,0,1,0,0,7.652009344411444
1,3,24.38014409266301,0,1,18.954765489294548,0,2,0,9.477382744647274,2.9934679864544207,1,0,1,0,0,1,0,8.980403959363262
1,2,22.34871294862286,0,2,69.21257443764381,0,3,0,23.07085814588127,4.251527418034508,1,0,1,1,0,0,0,8.503054836069015
0,3,29.843532548220768,1,1,1.0468117358035165,1,3,0,0.3489372452678388,0.7162833316647815,0,0,1,0,1,0,0,2.1488499949943445
1,3,45.91229228179351,0,1,0.7523384670619898,0,2,0,0.3761692335309949,0.5609511628179381,0,0,1,0,1,0,0,1.6828534884538144
0,3,18.74625848512241,3,0,37.99550390012822,0,4,0,9.498875975032055,3.663446354871768,1,1,0,0,0,1,0,10.990339064615304
1,3,27.826502137492653,0,1,10.340184500379848,0,2,0,5.170092250189924,2.428352568042019,1,0,1,1,0,0,0,7.285057704126057
0,2,21.96459536103192,0,0,19.75318337039492,0,1,1,19.75318337039492,3.032699650350481,0,1,0,0,1,0,0,6.065399300700962
1,2,29.930379863891222,0,0,13.632981393882622,1,1,1,13.632981393882622,2.683277980591858,1,0,0,1,0,0,0,5.366555961183716
0,2,20.946851138276894,0,0,2.0355957050677027,0,1,1,2.0355957050677027,1.1104076836921273,0,0,0,0,0,0,1,2.2208153673842546
1,3,15.137251167552884,0,0,20.021224296880828,1,1,1,20.021224296880828,3.0455326081332963,0,1,0,0,1,0,0,9.136597824399889
1,1,37.95927413092505,0,0,115.52134523538672,0,1,1,115.52134523538672,4.758074477127463,1,0,1,0,0,1,0,4.758074477127463
0,1,29.343990111089028,0,2,31.3769664798606,1,3,0,10.4589888266202,3.4774472588657357,0,0,1,0,0,0,1,3.4774472588657357
0,1,36.981352587797005,0,0,30.71276138012682,0,1,1,30.71276138012682,3.456719167071231,0,0,1,0,0,0,1,3.456719167071231
0,1,29.343990111089028,1,0,152.81114457606688,0,2,0,76.40557228803344,5.035725515929217,0,0,1,0,1,0,0,5.035725515929217
0,3,63.19197499189367,0,0,1.0289877697564422,1,1,1,1.0289877697564422,0.7075370331056697,0,1,0,0,1,0,0,2.1226110993170093
1,3,57.4588037499874,0,0,29.17436613270537,0,1,1,29.17436613270537,3.406992760390311,1,0,1,0,0,1,0,10.220978281170932
0,3,57.75225516744622,0,0,4.063474909753509,0,1,1,4.063474909753509,1.6220529886586428,0,0,0,0,1,0,0,4.866158965975928
1,1,22.09323951639809,2,0,75.5079880329162,1,3,0,25.1693293443054,4.337395154112165,1,1,0,1,0,0,0,4.337395154112165
1,3,38.146298337768044,1,0,37.65830307925877,1,2,0,18.829151539629386,3.6547615793677646,0,0,0,0,1,0,0,10.964284738103293
0,3,30.11401359008775,0,0,15.53010416167885,0,1,1,15.53010416167885,2.8051832131850603,0,1,0,0,1,0,0,8.41554963955518
1,1,29.869910184803253,0,1,44.954215059468666,0,2,0,22.477107529734333,3.827645576030287,0,0,1,0,1,0,0,3.827645576030287
1,2,45.14269011247946,0,0,24.21240823583228,1,1,1,24.21240823583228,3.227336263643852,1,0,1,1,0,0,0,6.454672527287704
0,2,35.74049086833393,4,0,8.726363380207273,0,5,0,1.7452726760414545,2.2748400730158513,0,0,1,0,1,0,0,4.549680146031703
0,3,27.15140514442117,0,0,4.448438539789343,0,1,1,4.448438539789343,1.6953290611636647,1,0,1,0,0,1,0,5.085987183490994
1,3,29.843532548220768,0,0,78.21026289505402,0,1,1,78.21026289505402,4.372105872433615,0,0,1,0,1,0,0,13.116317617300844
1,1,35.877566943012404,0,1,116.71466453757634,1,2,0,58.35733226878817,4.7682635990080025,1,1,0,1,0,0,0,4.7682635990080025
0,2,25.598539624234085,0,0,21.421374389741032,0,1,1,21.421374389741032,3.110014717716109,0,1,0,0,1,0,0,6.220029435432218
0,3,45.04454575026231,3,0,6.013671475488416,1,4,0,1.503417868872104,1.9478613122247437,1,0,1,0,0,1,0,5.843583936674231
1,3,44.419363683608026,0,1,0.6906217479979915,0,2,0,0.34531087399899574,0.5250963595006879,1,0,1,0,0,1,0,1.5752890785020637
1,3,33.57114060014223,0,0,0.4322262924545473,0,1,1,0.4322262924545473,0.3592300815108327,1,0,1,0,0,1,0,1.077690244532498
1,3,16.732763381306228,0,0,11.067446523269156,0,1,1,11.067446523269156,2.490511457075458,1,0,1,1,0,0,0,7.471534371226374
1,1,27.411824508686,1,0,120.59225624205672,0,2,0,60.29612812102836,4.80067328528434,1,0,1,1,0,0,0,4.80067328528434
0,1,58.833760680399216,1,2,64.75119388818247,0,4,0,16.187798472045618,4.185877828888191,0,0,1,0,1,0,0,4.185877828888191
0,3,35.34182471736064,0,1,25.17375329815507,0,2,0,12.586876649077535,3.264757126134413,0,0,1,0,1,0,0,9.79427137840324
0,1,49.03491198137112,0,0,2.8558294689521477,1,1,1,2.8558294689521477,1.3495861509135432,0,0,1,0,0,0,1,1.3495861509135432
1,3,17.11929013160929,1,0,6.259437786730957,0,2,0,3.1297188933654785,1.9823023859938644,1,0,1,1,0,0,0,5.9469071579815935
0,3,80.0,0,0,3.707076256201119,0,1,1,3.707076256201119,1.5490669628828735,0,0,1,0,1,0,0,4.64720088864862
1,3,11.562437602348314,0,2,8.122606873044324,1,3,0,2.707535624348108,2.2107556045839662,1,0,1,0,0,1,0,6.632266813751899
0,2,35.58031945896097,0,2,1.5551749489435445,0,3,0,0.5183916496478481,0.9381206944792152,0,0,1,0,1,0,0,1.8762413889584304
0,3,29.843532548220768,4,0,42.2231226911705,0,5,0,8.4446245382341,3.766375599537024,0,0,1,0,1,0,0,11.299126798611072
0,3,45.04381857880243,0,1,3.461218472904859,0,2,0,1.7306092364524295,1.4954219289224762,0,0,0,0,1,0,0,4.4862657867674285
1,3,18.78419379822105,1,0,35.00350133149938,1,2,0,17.50175066574969,3.583616192935056,1,0,1,0,0,1,0,10.750848578805169
0,3,26.112736658592524,1,0,7.602674697390175,1,2,0,3.8013373486950877,2.1520731662299046,0,0,1,0,1,0,0,6.456219498689714
0,2,32.5266014636369,0,0,87.67013823648853,0,1,1,87.67013823648853,4.484923172390233,0,1,0,0,1,0,0,8.969846344780466
0,3,39.68842183264313,0,0,11.063671190056876,0,1,1,11.063671190056876,2.4901985554280555,0,0,1,0,1,0,0,7.470595666284167
0,3,25.897262879012292,0,2,36.59584339652911,0,3,0,12.198614465509705,3.6268934963203208,0,0,0,0,1,0,0,10.880680488960962
0,1,30.837025166941476,0,0,0.4505210433614317,0,1,1,0.4505210433614317,0.37192283213450134,0,0,1,0,0,0,1,0.37192283213450134
0,1,29.343990111089028,0,0,115.85903988487574,0,1,1,115.85903988487574,4.7609684211493235,0,0,1,0,0,0,1,4.7609684211493235
1,1,28.98043719667782,0,2,196.0195972395533,0,3,0,65.33986574651776,5.28330320216371,1,0,1,1,0,0,0,5.28330320216371
1,1,29.343990111089028,1,2,12.641833712999224,0,4,0,3.160458428249806,2.613141079816441,0,0,1,0,1,0,0,2.613141079816441
0,1,29.343990111089028,3,0,8.489472163145079,0,4,0,2.1223680407862697,2.2501829907530597,0,0,1,0,0,0,1,2.2501829907530597
0,3,32.68620016383006,0,0,7.571198447412287,0,1,1,7.571198447412287,2.1484075650044785,0,0,1,0,1,0,0,6.4452226950134355
0,1,32.19127211117257,0,0,227.91277105947196,0,1,1,227.91277105947196,5.433341018584629,0,0,1,0,0,0,1,5.433341018584629
0,2,20.22141175613773,0,0,16.181820711087113,0,1,1,16.181820711087113,2.8438518894673894,0,0,1,0,1,0,0,5.687703778934779
0,3,25.759395952356968,0,2,10.269867925494925,0,3,0,3.4232893084983083,2.4221326088610033,0,0,1,0,1,0,0,7.26639782658301
1,1,11.030522759943016,1,2,12.779187765376886,0,4,0,3.1947969413442214,2.623159320842274,0,0,1,0,0,0,1,2.623159320842274
0,3,25.112433608129223,0,0,0.0108205740209953,0,1,1,0.0108205740209953,0.010762450520440213,0,0,1,0,1,0,0,0.03228735156132064
1,2,11.224482995044548,0,0,34.392404128711334,0,1,1,34.392404128711334,3.5664972244804543,1,0,1,0,0,1,0,7.1329944489609085
1,1,22.419421967757145,1,0,7.69850841696713,0,2,0,3.849254208483565,2.1631515646363195,1,0,1,1,0,0,0,2.1631515646363195
1,3,16.79757965297224,0,2,13.76455026834571,0,3,0,4.588183422781904,2.6922290554259107,1,0,1,0,0,1,0,8.076687166277733
0,3,19.24733747549358,0,0,33.710245654262394,0,1,1,33.710245654262394,3.547034907182629,0,0,1,0,1,0,0,10.641104721547887
1,3,49.761368834956585,0,0,3.206037678477506,0,1,1,3.206037678477506,1.4365210355089293,0,0,1,0,1,0,0,4.309563106526788
0,3,29.843532548220768,0,0,14.993821362607225,0,1,1,14.993821362607225,2.772202482821891,0,0,1,0,1,0,0,8.316607448465673
0,3,23.364633065580914,0,0,1.1229618465227773,0,1,1,1.1229618465227773,0.752812211067768,0,0,1,0,1,0,0,2.2584366332033037
1,2,32.528358851303096,1,0,19.16246475798929,0,2,0,9.581232378994645,3.0038226955509426,1,0,0,0,0,1,0,6.007645391101885
0,1,9.770865159012684,1,0,15.039779641452768,0,2,0,7.519889820726384,2.7750718642799583,0,0,1,0,0,0,1,2.7750718642799583
0,3,29.843532548220768,0,2,18.24333489307681,1,3,0,6.081111631025603,2.957164761458435,0,0,1,0,1,0,0,8.871494284375306
0,3,31.177471866303662,2,2,4.910566149232154,0,5,0,0.9821132298464308,1.7767416219622902,0,0,1,0,1,0,0,5.330224865886871
0,3,16.358158600348325,0,1,8.528052518190169,0,2,0,4.264026259095084,2.2542403440225023,1,1,0,0,0,1,0,6.762721032067507
1,2,13.282599207816656,1,0,18.937769656853053,1,2,0,9.468884828426527,2.992615905562217,0,0,1,0,1,0,0,5.985231811124434
0,2,25.598539624234085,0,0,3.8888052111406775,1,1,1,3.8888052111406775,1.58694794053252,0,0,0,0,1,0,0,3.17389588106504
0,3,9.98006128704442,1,0,18.541482382900107,0,2,0,9.270741191450053,2.9725395077545134,0,0,0,0,1,0,0,8.91761852326354
0,2,23.19962194952442,1,0,7.461397608425061,0,2,0,3.7306988042125306,2.1355143619152903,0,0,1,0,1,0,0,4.271028723830581
0,3,15.270473330799096,0,2,14.875599279611928,0,3,0,4.958533093203976,2.76478329396306,0,0,0,0,1,0,0,8.29434988188918
0,3,7.399174626672021,2,0,2.3606673579525093,0,3,0,0.786889119317503,1.212139572691329,0,0,1,0,1,0,0,3.6364187180739873
0,2,45.33929398098585,1,0,24.11817599536592,0,2,0,12.05908799768296,3.2235917273141985,0,1,0,0,1,0,0,6.447183454628397
0,3,37.79771272428341,1,2,1.879387346845535,0,4,0,0.4698468367113838,1.057577544728557,0,0,1,0,1,0,0,3.172732634185671
0,3,29.843532548220768,0,2,7.589874308433618,1,3,0,2.529958102811206,2.150584103576377,0,0,1,0,1,0,0,6.451752310729131
0,1,29.343990111089028,1,0,23.852955751022836,0,2,0,11.926477875511418,3.2129766891725287,0,0,1,0,0,0,1,3.2129766891725287
0,3,15.283458285622755,1,0,18.90348449220248,1,2,0,9.45174224610124,2.9908948165128892,0,1,0,0,1,0,0,8.972684449538669
1,3,22.01319789073282,0,0,4.162866753101605,0,1,1,4.162866753101605,1.6414919975268274,1,0,1,0,0,1,0,4.924475992580482
1,3,27.826502137492653,3,0,29.245086012582608,1,4,0,7.311271503145652,3.409333725416054,1,0,1,0,0,1,0,10.228001176248162
1,2,24.607025520071645,0,0,46.03598704377434,0,1,1,46.03598704377434,3.8509129905077413,0,0,1,0,1,0,0,7.7018259810154825
0,3,44.01124631475621,0,0,2.996259322472583,0,1,1,2.996259322472583,1.3853587541943437,0,0,1,0,1,0,0,4.156076262583031
0,2,25.598539624234085,0,2,19.69644087688687,1,3,0,6.565480292295624,3.029961747173593,0,0,1,0,1,0,0,6.059923494347186
1,1,32.71319447870666,0,0,7.711681609615972,0,1,1,7.711681609615972,2.1646648387755003,0,0,1,0,0,0,1,2.1646648387755003
0,3,27.826502137492653,0,0,6.806424921776248,0,1,1,6.806424921776248,2.054947102554388,1,0,1,0,0,1,0,6.164841307663163
1,1,29.343990111089028,0,0,104.94915486199125,1,1,1,104.94915486199125,4.662959307919787,0,0,1,0,0,0,1,4.662959307919787
1,2,29.930379863891222,3,0,22.296275650507845,1,4,0,5.574068912626961,3.1482935044695055,1,0,1,0,0,1,0,6.296587008939011
0,3,37.46673654290932,0,1,13.42642958405157,0,2,0,6.713214792025785,2.6690619120972525,0,0,1,0,1,0,0,8.007185736291758
0,3,29.843532548220768,0,0,4.54893821559533,0,1,1,4.54893821559533,1.7136065969504255,0,0,1,0,1,0,0,5.1408197908512765
0,3,27.826502137492653,0,0,6.505517591893011,0,1,1,6.505517591893011,2.015638428982246,1,0,0,0,0,1,0,6.046915286946739
0,3,17.796662210928282,0,0,1.488359497403929,1,1,1,1.488359497403929,0.9116236569645884,1,0,1,0,0,1,0,2.7348709708937653
1,3,19.71689523968885,2,1,17.391900995015707,1,4,0,4.347975248753927,2.911910404400269,1,0,0,0,0,1,0,8.735731213200808
1,2,33.22534879479556,0,0,14.509772171531758,0,1,1,14.509772171531758,2.7414702879465676,1,1,0,1,0,0,0,5.482940575893135
0,2,25.598539624234085,1,1,25.53607784083255,0,3,0,8.512025946944183,3.2785052350453534,0,0,1,0,1,0,0,6.557010470090707
1,3,27.826502137492653,0,0,3.9219596915646697,0,1,1,3.9219596915646697,1.5937067624929635,1,0,1,1,0,0,0,4.78112028747889
0,3,16.972294934138397,0,0,5.3732863210258985,0,1,1,5.3732863210258985,1.8521152425198695,0,1,0,0,1,0,0,5.556345727559608
0,3,29.532928926475083,0,0,5.573009162223226,1,1,1,5.573009162223226,1.8829717431984998,1,0,1,0,0,1,0,5.6489152295955
0,3,18.4145275139418,0,2,0.3572897517867746,0,3,0,0.11909658392892486,0.305489881852531,0,0,1,0,1,0,0,0.916469645557593
1,1,35.2952205381415,0,2,35.03676890934366,0,3,0,11.678922969781219,3.584539775817181,1,0,1,1,0,0,0,3.584539775817181
1,3,17.141932723029537,1,0,22.27755362977399,0,2,0,11.138776814886995,3.1474895327097587,0,0,1,0,1,0,0,9.442468598129276
0,1,29.343990111089028,0,0,191.17799527026145,0,1,1,191.17799527026145,5.2584220012735425,0,1,0,0,0,0,1,5.2584220012735425
0,3,35.58215984964704,1,0,10.004619602232038,0,2,0,5.002309801116019,2.3983151484775154,0,0,1,0,1,0,0,7.1949454454325465
1,2,29.930379863891222,0,0,12.583332314259668,0,1,1,12.583332314259668,2.6088434759949313,1,0,1,0,0,1,0,5.2176869519898625
1,3,33.15037728790147,0,0,0.4289427723737613,0,1,1,0.4289427723737613,0.35693485082164506,0,0,1,0,1,0,0,1.0708045524649352
0,2,26.201962966704613,0,2,43.75265645670017,0,3,0,14.584218818900057,3.8011508051198986,0,0,1,0,1,0,0,7.602301610239797
1,1,15.287570661932204,0,2,1.100029354318301,0,3,0,0.36667645143943367,0.7419513228784925,0,0,1,0,0,0,1,0.7419513228784925
0,1,40.18029766933945,1,0,228.22851785115293,0,2,0,114.11425892557646,5.434719400534981,0,0,1,0,1,0,0,5.434719400534981
1,3,27.64722961342181,0,0,9.203782828774358,1,1,1,9.203782828774358,2.322758517102703,1,1,0,0,0,1,0,6.96827555130811
0,3,20.32684863573569,0,2,5.732775943206167,0,3,0,1.9109253144020555,1.9069875316005818,0,0,1,0,1,0,0,5.720962594801746
1,1,19.534391067098845,3,1,216.71161844989936,0,5,0,43.34232368997987,5.383171335901858,1,1,0,1,0,0,0,5.383171335901858
1,1,54.0989477141249,0,0,2.074243964395304,0,1,1,2.074243964395304,1.1230590057913692,0,0,1,0,0,0,1,1.1230590057913692
0,3,25.416719342509296,0,0,11.931315511917106,0,1,1,11.931315511917106,2.55965192866937,0,0,1,0,1,0,0,7.67895578600811
1,1,13.48366639941213,0,0,66.87562035729718,0,1,1,66.87562035729718,4.217676917914686,1,0,1,1,0,0,0,4.217676917914686
0,3,46.09752381534936,0,0,3.391989276583721,1,1,1,3.391989276583721,1.4797822626249504,1,0,1,1,0,0,0,4.439346787874851
0,3,23.52662951457816,1,0,7.674314556937701,0,2,0,3.8371572784688506,2.1603663091016965,0,0,1,0,1,0,0,6.481098927305089
0,1,20.927653352938957,1,0,88.7301848906233,0,2,0,44.36509244531165,4.496807221829668,0,0,1,0,1,0,0,4.496807221829668
1,1,15.936237157101289,4,0,109.09619061341816,1,5,0,21.819238122683632,4.7013544437968955,1,0,1,1,0,0,0,4.7013544437968955
0,3,29.843532548220768,0,0,0.0098244860852102,1,1,1,0.0098244860852102,0.009776539599085667,0,1,0,0,1,0,0,0.029329618797257002
1,2,41.137677085811625,0,0,57.179542688253655,1,1,1,57.179542688253655,4.063533792744889,1,0,1,1,0,0,0,8.127067585489778
1,2,28.7365676807428,1,0,3.72093469597781,0,2,0,1.860467347988905,1.5520068088012058,1,0,1,0,0,1,0,3.1040136176024116
0,3,21.87260049698465,0,1,3.644549667730591,1,2,0,1.8222748338652954,1.5356944176693208,1,0,1,0,0,1,0,4.607083253007962
0,3,12.308148322605929,0,1,4.189596849338269,0,2,0,2.0947984246691345,1.646656015805816,0,0,1,0,1,0,0,4.939968047417448
0,3,24.271129595055392,0,0,0.5281881224581023,0,1,1,0.5281881224581023,0.42408279995803033,1,0,1,1,0,0,0,1.272248399874091
0,3,31.355496275613987,0,0,1.7989157961219209,0,1,1,1.7989157961219209,1.0292321265230697,0,0,1,0,1,0,0,3.087696379569209
0,2,17.942287735445028,0,2,88.88600932359086,0,3,0,29.628669774530284,4.498542304490136,0,0,0,0,1,0,0,8.997084608980272
0,1,46.99921880126183,1,0,31.80684324021603,0,2,0,15.903421620108015,3.4906371290012053,0,1,0,0,0,0,1,3.4906371290012053
1,3,22.14846316850129,1,0,1.6783583249801404,1,2,0,0.8391791624900702,0.9852040415220664,0,0,1,0,1,0,0,2.9556121245661995
1,3,27.826502137492653,0,0,1.5502770976173752,0,1,1,1.5502770976173752,0.9362020189989458,1,0,1,0,0,1,0,2.8086060569968376
1,2,29.930379863891222,0,0,26.31050412148364,0,1,1,26.31050412148364,3.3072713945420342,1,0,1,0,0,1,0,6.6145427890840685
1,3,38.77440978671429,0,0,26.41430173467228,0,1,1,26.41430173467228,3.311064838339129,1,1,0,0,0,1,0,9.933194515017387
1,1,29.50200047604568,1,2,24.947583063571507,0,4,0,6.236895765892877,3.256078467068929,0,0,1,0,0,0,1,3.256078467068929
0,3,52.95767902917692,0,0,0.2894976051689201,0,1,1,0.2894976051689201,0.2542526891594999,0,0,1,0,1,0,0,0.7627580674784997
0,1,29.343990111089028,1,0,21.20418629121178,0,2,0,10.60209314560589,3.1002808427770363,0,1,0,0,0,0,1,3.1002808427770363
0,3,35.07493513124248,0,2,0.797004962760395,1,3,0,0.26566832092013165,0.5861213694895367,1,0,1,1,0,0,0,1.7583641084686104
1,1,30.615927969206965,0,0,9.167743197973552,0,1,1,9.167743197973552,2.319220277664751,0,0,1,0,1,0,0,2.319220277664751
1,1,15.388444140635094,0,0,47.44053290146432,0,1,1,47.44053290146432,3.8803369198932534,1,0,1,1,0,0,0,3.8803369198932534
0,1,29.343990111089028,1,0,21.945735662361745,0,2,0,10.972867831180872,3.133132109322874,0,0,1,0,0,0,1,3.133132109322874
1,3,32.51799523680749,0,0,9.940152234853391,0,1,1,9.940152234853391,2.392439712331513,0,0,1,0,1,0,0,7.177319136994539
1,3,35.49830966725599,0,0,4.005212727753855,0,1,1,4.005212727753855,1.6104799149116782,1,0,1,1,0,0,0,4.831439744735034
0,3,42.91356288805157,0,0,38.66696319069616,0,1,1,38.66696319069616,3.6805186798111804,0,0,1,0,1,0,0,11.04155603943354
0,3,43.730541808540565,1,0,32.3849448612164,0,2,0,16.1924724306082,3.5081050457049456,1,0,1,1,0,0,0,10.524315137114836
1,2,16.13004283814122,1,0,17.316996035274585,1,2,0,8.658498017637292,2.9078293739274685,1,1,0,0,0,1,0,5.815658747854937
0,2,14.475627264509528,0,0,9.058575128059138,1,1,1,9.058575128059138,2.308425517270207,0,0,1,0,1,0,0,4.616851034540414
0,3,18.65791753476502,1,0,6.574456334515891,1,2,0,3.2872281672579455,2.024781577798765,0,0,1,0,1,0,0,6.074344733396296
0,1,29.343990111089028,0,0,44.5852800533064,0,1,1,44.5852800533064,3.8195848585587733,0,0,1,0,0,0,1,3.8195848585587733
1,3,22.356690183600023,0,0,17.815586827905523,1,1,1,17.815586827905523,2.9346856129241843,1,1,0,1,0,0,0,8.804056838772553
1,1,15.541710824243005,0,0,50.46900109647149,1,1,1,50.46900109647149,3.9409797059859817,0,1,0,0,0,0,1,3.9409797059859817
0,3,16.06657954174388,0,2,26.619428028652667,1,3,0,8.873142676217556,3.3185194391734063,0,0,1,0,1,0,0,9.955558317520218
1,1,32.048408789905125,1,0,228.22851785115293,1,2,0,114.11425892557646,5.434719400534981,0,0,1,0,0,0,1,5.434719400534981
1,3,11.603418003837534,1,0,5.608670927242231,0,2,0,2.8043354636211153,1.8883825636375708,1,1,0,0,0,1,0,5.665147690912713
0,3,28.128262692627143,0,1,11.269074270991595,1,2,0,5.634537135495798,2.5070818093396348,0,0,1,0,1,0,0,7.521245428018904
0,3,27.826502137492653,0,0,1.3683944815441769,0,1,1,1.3683944815441769,0.8622122916373771,1,0,1,1,0,0,0,2.5866368749121316
1,1,39.96428598530507,1,0,18.79332276938827,0,2,0,9.396661384694134,2.9853446469550815,1,1,0,1,0,0,0,2.9853446469550815
0,3,35.99688045878166,2,1,7.30928214021573,0,4,0,1.8273205350539325,2.1173732200836946,0,0,1,0,1,0,0,6.352119660251084
0,3,38.07262719891801,0,1,3.1637020924390096,1,2,0,1.5818510462195048,1.4264046045908136,0,0,0,0,1,0,0,4.279213813772441
1,3,37.07030008955789,3,0,28.660455442043297,1,4,0,7.165113860510824,3.3898146920215386,1,1,0,1,0,0,0,10.169444076064616
1,3,29.843532548220768,0,0,2.360719529305213,0,1,1,2.360719529305213,1.2121550966757626,0,0,1,0,1,0,0,3.636465290027288
0,3,24.64227075742794,0,0,8.33210349173634,0,1,1,8.33210349173634,2.233460444082296,1,0,0,1,0,0,0,6.700381332246888
0,3,36.42522000989672,1,1,12.749785971664435,1,3,0,4.249928657221479,2.6210232582943016,0,0,1,0,1,0,0,7.863069774882905
0,3,29.843532548220768,0,0,16.12782819659611,0,1,1,16.12782819659611,2.8407045206786976,0,0,1,0,1,0,0,8.522113562036093
1,3,22.08647016853832,0,0,6.617082081394658,0,1,1,6.617082081394658,2.0303933674117096,1,0,1,0,0,1,0,6.091180102235128
0,3,31.07866119093992,0,1,27.856408536142183,0,2,0,13.928204268071092,3.3623321012547667,0,0,1,0,1,0,0,10.0869963037643
0,1,29.343990111089028,1,0,70.56577411048858,1,2,0,35.28288705524429,4.2706169444642645,0,0,1,0,0,0,1,4.2706169444642645
0,2,39.38114967874815,1,0,11.984056299052565,0,2,0,5.992028149526282,2.563722166235897,0,1,0,0,0,0,1,5.127444332471794
0,3,11.7789006382078,0,0,0.9536299522444476,0,1,1,0.9536299522444476,0.6696891560772305,0,0,1,0,1,0,0,2.0090674682316916
0,3,29.62260465944425,0,0,8.561243266932754,0,1,1,8.561243266932754,2.2577177674500306,0,0,1,0,1,0,0,6.773153302350092
0,3,16.855460546517083,0,0,23.54885891559021,0,1,1,23.54885891559021,3.200665373143608,0,0,1,0,1,0,0,9.601996119430824
1,3,27.826502137492653,0,1,13.060490771762629,1,2,0,6.530245385881314,2.643368791304105,1,1,0,0,0,1,0,7.930106373912315
1,2,25.598539624234085,0,0,36.94450620562176,0,1,1,36.94450620562176,3.6361247293470806,0,0,1,0,1,0,0,7.272249458694161
1,1,60.75677644642802,1,0,57.22430064843783,0,2,0,28.612150324218916,4.06430280450785,1,0,1,0,0,1,0,4.06430280450785
0,3,39.863853147203024,0,0,1.7273896422415755,0,1,1,1.7273896422415755,1.003344976766854,0,0,1,0,1,0,0,3.010034930300562
1,2,34.495439730682605,0,0,0.2842880693842256,0,1,1,0.2842880693842256,0.25020453320735503,1,0,1,1,0,0,0,0.5004090664147101
0,3,29.843532548220768,0,2,4.949603211642215,0,3,0,1.6498677372140715,1.7833245302148981,0,0,1,0,1,0,0,5.349973590644694
1,1,16.676526445540514,0,0,100.57292370494773,0,1,1,100.57292370494773,4.620777000660172,1,0,1,0,0,1,0,4.620777000660172
0,3,26.759973904128376,3,0,21.39784029046169,1,4,0,5.349460072615423,3.1089645386083222,0,0,1,0,1,0,0,9.326893615824966
0,3,29.974783268600557,0,2,4.803574792376341,1,3,0,1.6011915974587803,1.758474071203882,0,0,1,0,1,0,0,5.275422213611646
0,3,20.08445349331319,0,0,9.377548368509938,0,1,1,9.377548368509938,2.3396446618361404,0,0,0,0,1,0,0,7.018933985508421
0,3,29.843532548220768,0,0,7.489217123754276,0,1,1,7.489217123754276,2.138796784499573,0,0,1,0,1,0,0,6.416390353498719
0,2,64.55571320755118,0,0,10.940347648054404,1,1,1,10.940347648054404,2.479923223793049,0,0,1,0,0,0,1,4.959846447586098
0,3,10.930296881242237,0,1,3.604714894640128,0,2,0,1.802357447320064,1.5270807556603698,0,0,1,0,1,0,0,4.58124226698111
1,3,36.24507309842496,0,0,2.008586073566182,1,1,1,2.008586073566182,1.1014702253957092,1,0,1,1,0,0,0,3.3044106761871275
0,1,27.153546939571683,0,0,18.397074565554945,0,1,1,18.397074565554945,2.965122259108533,0,0,1,0,0,0,1,2.965122259108533
0,3,34.25675941169562,0,0,0.779833397579818,0,1,1,0.779833397579818,0.576519763058263,0,0,1,0,1,0,0,1.729559289174789
0,3,29.71228182784098,0,0,3.025092946648527,0,1,1,3.025092946648527,1.3925480029389408,0,0,1,0,1,0,0,4.177644008816822
1,3,24.26952094093238,0,0,0.1266357763875221,0,1,1,0.1266357763875221,0.11923600304342898,1,0,1,1,0,0,0,0.35770800913028694
0,3,13.361160730941776,3,0,13.520117116369136,0,4,0,3.380029279092284,2.675535075229764,0,0,1,0,1,0,0,8.026605225689293
0,3,37.34834158896187,0,0,5.210745039362209,1,1,1,5.210745039362209,1.8262808628814675,0,1,0,0,1,0,0,5.478842588644403
0,2,33.94497546533789,0,0,74.87795495870405,0,1,1,74.87795495870405,4.329126193711326,0,0,1,0,1,0,0,8.658252387422651
0,3,34.00138354940771,0,0,2.949891459006019,0,1,1,2.949891459006019,1.3736880998028298,1,0,1,1,0,0,0,4.12106429940849
0,3,45.7712176884589,0,0,5.814085966417652,0,1,1,5.814085966417652,1.918991935305017,1,0,1,0,0,1,0,5.756975805915051
0,1,21.801632458743484,1,1,37.205245513662845,0,3,0,12.401748504554282,3.642972823296991,0,0,1,0,0,0,1,3.642972823296991
1,1,27.12431178878761,0,1,0.7129426469220487,0,2,0,0.35647132346102434,0.5382127377085362,1,0,1,0,0,0,1,0.5382127377085362
1,2,29.930379863891222,1,0,37.832218021083385,0,2,0,18.916109010541692,3.6592502634380812,1,0,1,0,0,1,0,7.3185005268761625
0,3,21.39867281867651,0,0,0.445489321608346,1,1,1,0.445489321608346,0.36844789511273024,0,0,1,0,1,0,0,1.1053436853381906
1,3,14.292945627925167,0,0,38.58485074286853,0,1,1,38.58485074286853,3.678446488068569,1,0,1,0,0,1,0,11.035339464205707
0,1,18.935843893411864,1,2,187.01026889923352,0,4,0,46.75256722480838,5.236496583142666,0,0,1,0,0,0,1,5.236496583142666
0,3,7.86568582535787,0,1,10.5057203840117,0,2,0,5.25286019200585,2.4428443363912202,0,0,0,0,1,0,0,7.328533009173661
0,2,32.585772462688574,0,1,16.236582483868187,1,2,0,8.118291241934093,2.8470340137908394,0,0,1,0,1,0,0,5.694068027581679
1,3,61.80015581722056,0,0,14.531245700493784,0,1,1,14.531245700493784,2.7428538464674896,0,0,1,0,1,0,0,8.228561539402468
0,3,15.606342765181529,1,0,6.70576546719931,0,2,0,3.352882733599655,2.041968810651179,0,1,0,0,1,0,0,6.125906431953537
0,3,24.14262855989648,0,0,14.274264522118678,0,1,1,14.274264522118678,2.7261693547736527,1,0,1,0,0,1,0,8.178508064320958
0,3,56.805942720295285,1,0,0.6274797687205481,1,2,0,0.31373988436027406,0.4870326641296506,0,0,1,0,1,0,0,1.461097992388952
0,2,34.9798492668082,0,0,1.1501552847296148,0,1,1,1.1501552847296148,0.7655400649870736,0,0,1,0,1,0,0,1.5310801299741472
0,2,31.600653625649382,1,2,12.649157168887882,1,4,0,3.1622892922219705,2.6136777738555943,0,0,1,0,1,0,0,5.227355547711189
1,1,27.411824508686,0,0,67.00417226021237,0,1,1,67.00417226021237,4.219569060061686,1,0,1,0,0,1,0,4.219569060061686
1,3,25.287118464326788,1,0,29.970524430831222,0,2,0,14.985262215415611,3.4330359273525977,0,1,0,0,1,0,0,10.299107782057792
0,3,20.599318822554785,0,0,1.5145686004373766,0,1,1,1.5145686004373766,0.9221012581974374,0,0,1,0,1,0,0,2.7663037745923122
0,3,33.5594208365487,1,2,23.6957722193702,0,4,0,5.92394305484255,3.2066320637758112,0,0,1,0,1,0,0,9.619896191327435
1,3,33.91631010766756,0,0,3.230216906367793,0,1,1,3.230216906367793,1.4422532698446429,0,0,1,0,1,0,0,4.326759809533929
0,3,22.39259631091392,0,0,6.863882707108714,1,1,1,6.863882707108714,2.0622804675643445,1,1,0,1,0,0,0,6.186841402693034
0,3,24.421112777489792,0,2,5.215295479068228,1,3,0,1.738431826356076,1.8270132667236536,1,0,1,1,0,0,0,5.481039800170961
0,3,45.83929185940205,0,0,7.001856901519816,0,1,1,7.001856901519816,2.07967362743583,0,0,1,0,1,0,0,6.23902088230749
0,3,48.20595816253308,0,0,2.234497925828533,0,1,1,2.234497925828533,1.1738737152367518,1,0,1,0,0,1,0,3.521621145710255
0,2,23.39175970285844,2,0,14.496477903997496,0,3,0,4.832159301332498,2.740612766103937,0,0,1,0,1,0,0,5.481225532207874
1,3,27.826502137492653,4,0,22.16228139920036,1,5,0,4.432456279840072,3.142525153863774,1,0,1,0,0,1,0,9.427575461591323
1,1,15.149672110127474,0,1,48.9351708938972,0,2,0,24.4675854469486,3.910725582016211,0,0,1,0,0,0,1,3.910725582016211
0,3,24.380197826389583,2,1,9.241312635489656,0,4,0,2.310328158872414,2.3264297984556395,0,0,0,0,1,0,0,6.979289395366918
0,3,29.843532548220768,0,0,25.878443135601277,1,1,1,25.878443135601277,3.2913245949151224,0,0,1,0,1,0,0,9.873973784745367
1,1,12.1349732135077,0,0,102.84734880162576,0,1,1,102.84734880162576,4.642922020883352,1,0,1,1,0,0,0,4.642922020883352
1,3,32.837042227704345,1,0,9.237032481232715,0,2,0,4.618516240616358,2.32601178085755,0,0,1,0,1,0,0,6.97803534257265
0,3,29.843532548220768,0,0,4.0825444091263225,0,1,1,4.0825444091263225,1.6258120041361654,0,0,1,0,1,0,0,4.877436012408497
0,2,49.78333484339998,4,0,44.75725784762008,0,5,0,8.951451569524016,3.823350420617336,0,0,1,0,0,0,1,7.646700841234672
1,1,50.91505784670477,0,0,72.27623189186022,0,1,1,72.27623189186022,4.294236298354106,1,0,1,1,0,0,0,4.294236298354106
0,3,29.843532548220768,0,0,3.424092206894596,0,1,1,3.424092206894596,1.487065106429279,0,1,0,0,1,0,0,4.461195319287837
0,3,32.799502262921514,0,1,4.2950274454232895,1,2,0,2.1475137227116448,1.6667681623115682,1,0,1,1,0,0,0,5.000304486934705
0,3,24.305325296478472,0,0,22.26561478962064,1,1,1,22.26561478962064,3.1469765104630727,1,0,1,1,0,0,0,9.440929531389218
0,3,31.704099145735427,0,0,0.6185500559640895,1,1,1,0.6185500559640895,0.4815307212856483,0,0,1,0,1,0,0,1.4445921638569448
1,3,25.097741506565825,8,0,66.30668513616612,0,9,0,7.367409459574014,4.209259565092874,1,0,1,0,0,1,0,12.627778695278622
0,3,45.97028339796533,1,1,1.9134293870053745,0,3,0,0.6378097956684582,1.0693308708238012,0,0,1,0,1,0,0,3.2079926124714033
0,3,37.37164628170341,1,0,21.782606130157205,0,2,0,10.891303065078603,3.1259973557842824,1,1,0,0,0,1,0,9.377992067352848
0,3,29.843532548220768,0,0,6.8795305234127495,0,1,1,6.8795305234127495,2.0642683238478203,0,0,0,0,1,0,0,6.192804971543461
1,2,37.65939462437882,0,0,14.02837922837214,0,1,1,14.02837922837214,2.709940362179872,1,0,1,1,0,0,0,5.419880724359744
1,1,10.790597298456255,0,0,178.55878022823862,0,1,1,178.55878022823862,5.19050262077548,1,0,1,1,0,0,0,5.19050262077548
1,1,27.411824508686,0,0,44.736650715063,0,1,1,44.736650715063,3.8228999614943353,1,1,0,0,0,1,0,3.8228999614943353
1,3,19.95272078248141,0,1,10.56400446672776,0,2,0,5.28200223336388,2.4478972104155052,1,0,1,1,0,0,0,7.343691631246516
0,3,49.3331008821625,1,2,0.692622248725334,1,4,0,0.1731555621813335,0.5262789528710898,0,0,1,0,1,0,0,1.5788368586132695
0,3,22.29080843642601,0,1,0.0321981990028978,0,2,0,0.0160990995014489,0.03169070191687898,0,0,1,0,1,0,0,0.09507210575063693
1,1,28.962646148868192,0,0,23.584889662804912,0,1,1,23.584889662804912,3.2021320128654205,1,1,0,0,0,1,0,3.2021320128654205
1,1,23.86242008638602,0,0,95.86568130067288,1,1,1,95.86568130067288,4.573325290021353,0,0,1,0,0,0,1,4.573325290021353
1,1,34.1508005216517,0,0,10.858829885147054,0,1,1,10.858829885147054,2.473072728090754,0,1,0,0,0,0,1,2.473072728090754
1,2,15.566466386388887,0,3,2.4999326852874777,0,4,0,0.6249831713218694,1.2527437355354094,1,1,0,0,0,1,0,2.505487471070819
0,3,7.800188624178848,2,0,7.250892388944447,0,3,0,2.4169641296481488,2.110321362853717,1,0,1,1,0,0,0,6.330964088561151
1,2,47.73682077126093,0,0,21.603787916749944,0,1,1,21.603787916749944,3.1181174991696055,1,0,1,0,0,1,0,6.236234998339211
0,2,52.21282814314566,1,0,25.77242742577967,0,2,0,12.886213712889836,3.2873725305143444,0,1,0,0,1,0,0,6.574745061028689
1,3,22.272519252243825,0,0,2.6929172045862955,0,1,1,2.6929172045862955,1.3064167160648923,1,0,1,0,0,1,0,3.919250148194677
1,2,18.457960976409236,0,0,1.7167346944797357,1,1,1,1.7167346944797357,0.9994306791839294,0,0,1,0,1,0,0,1.9988613583678587
1,3,25.186817237230493,0,0,38.63468417984622,0,1,1,38.63468417984622,3.6797045980435774,1,0,1,0,0,1,0,11.039113794130731
1,3,15.735326037818192,1,0,4.137482411921603,0,2,0,2.0687412059608015,1.6365631563462453,0,0,1,0,1,0,0,4.909689469038736
1,2,29.930379863891222,1,1,39.7374298446207,0,3,0,13.2458099482069,3.7071473220295355,1,0,1,1,0,0,0,7.414294644059071
0,3,23.43066575017476,0,0,27.28174204314733,1,1,1,27.28174204314733,3.3422164389595865,1,0,1,0,0,1,0,10.02664931687876
1,3,21.92623180436586,0,0,20.285649594628595,0,1,1,20.285649594628595,3.058033117707005,0,0,1,0,1,0,0,9.174099353121015
0,3,27.826502137492653,0,0,2.5334762195799567,0,1,1,2.5334762195799567,1.2622821511360185,1,1,0,1,0,0,0,3.7868464534080557
0,1,26.64565480699013,0,0,144.8879840381652,0,1,1,144.8879840381652,4.982839094619457,0,0,1,0,0,0,1,4.982839094619457
0,3,23.602537723813285,2,1,20.089992759824728,0,4,0,5.022498189956182,3.0487986511916545,1,0,1,0,0,1,0,9.146395953574963
0,3,26.95657960514842,0,0,12.441402696719631,1,1,1,12.441402696719631,2.5983396969645627,1,0,1,0,0,1,0,7.795019090893688
0,2,20.11323820330098,0,0,8.513600824740719,0,1,1,8.513600824740719,2.2527224405123456,0,0,1,0,1,0,0,4.505444881024691
0,3,43.14371895162137,0,0,4.171661749644895,0,1,1,4.171661749644895,1.6431940584702405,1,0,1,1,0,0,0,4.929582175410721
0,3,32.70513219667494,0,2,1.7807604029809934,0,3,0,0.5935868009936645,1.0227244165532163,1,0,1,0,0,1,0,3.068173249659649
0,3,29.843532548220768,0,0,9.766102935953516,0,1,1,9.766102935953516,2.3764025812999603,0,0,1,0,1,0,0,7.129207743899881
0,2,16.755468286690785,0,0,18.21818534245957,0,1,1,18.21818534245957,2.955856984020225,0,0,1,0,1,0,0,5.91171396804045
0,3,41.94180968571467,1,0,6.099990873826542,0,2,0,3.049995436913271,1.9600934986699001,1,1,0,0,0,1,0,5.8802804960097
1,1,20.600035957563552,1,0,54.18345986111979,1,2,0,27.091729930559897,4.010663268184851,1,0,1,0,0,1,0,4.010663268184851
1,1,28.91620227712244,0,0,37.9506603082755,0,1,1,37.9506603082755,3.6622957248887356,1,0,1,1,0,0,0,3.6622957248887356
1,1,21.019049843061524,1,1,86.05378012524874,0,3,0,28.684593375082912,4.466526090030115,1,1,0,0,0,1,0,4.466526090030115
1,1,37.377365849723,0,0,194.48159833685972,0,1,1,194.48159833685972,5.275466248841106,0,0,1,0,0,0,1,5.275466248841106
1,1,27.411824508686,0,2,15.038628370015203,0,3,0,5.012876123338401,2.775000085690594,1,0,0,0,0,1,0,2.775000085690594
1,1,29.343990111089028,0,0,40.34609548303993,0,1,1,40.34609548303993,3.7219779909662973,0,1,0,0,0,0,1,3.7219779909662973
0,3,37.72918462215087,0,0,2.080117644759176,0,1,1,2.080117644759176,1.1249677926064028,0,0,1,0,1,0,0,3.3749033778192086
1,1,19.10787455830281,0,0,82.3770627685594,0,1,1,82.3770627685594,4.423373244782025,0,0,1,0,0,0,1,4.423373244782025
0,2,9.680766755052662,0,1,27.016786072401462,1,2,0,13.508393036200731,3.332803833131084,0,0,1,0,1,0,0,6.665607666262168
0,3,20.125608216217127,0,0,36.81142121833502,0,1,1,36.81142121833502,3.6326112056210382,0,0,1,0,1,0,0,10.897833616863114
0,3,29.843532548220768,4,2,4.47905777869326,0,7,0,0.63986539695618,1.7009331479821976,0,1,0,0,1,0,0,5.1027994439465925
0,3,15.268667861053526,0,2,41.099525125803005,1,3,0,13.699841708601001,3.7400364609525822,1,0,1,1,0,0,0,11.220109382857746
1,1,25.829909257219825,0,2,5.489598981762096,1,3,0,1.8298663272540319,1.870200738631575,0,1,0,0,0,0,1,1.870200738631575
1,1,25.857921443458096,0,0,77.60372921435393,0,1,1,77.60372921435393,4.364419143784901,0,1,0,0,1,0,0,4.364419143784901
1,1,56.28053457950002,0,0,4.94169882100594,0,1,1,4.94169882100594,1.7819950892876109,0,0,1,0,0,0,1,1.7819950892876109
1,1,18.21749518708561,0,1,188.34380431590225,0,2,0,94.17190215795112,5.243564433009205,0,0,1,0,0,0,1,5.243564433009205
0,2,25.598539624234085,1,0,15.620559588195526,1,2,0,7.810279794097763,2.8106404584270126,0,0,1,0,1,0,0,5.621280916854025
0,1,18.27177052670472,0,0,92.96194966883904,0,1,1,92.96194966883904,4.542889909563078,0,0,1,0,0,0,1,4.542889909563078
0,1,35.34660881100298,0,0,149.62570181147626,1,1,1,149.62570181147626,5.0147979635633675,0,0,1,0,0,0,1,5.0147979635633675
1,1,23.988369304582164,0,0,13.682292498254162,0,1,1,13.682292498254162,2.686642175725137,1,0,1,0,0,1,0,2.686642175725137
0,3,22.348798434425134,0,0,0.5391764699624295,0,1,1,0.5391764699624295,0.4312475136258835,0,0,1,0,1,0,0,1.2937425408776504
1,1,29.343990111089028,0,0,177.32256782596627,0,1,1,177.32256782596627,5.183594089074686,0,1,0,0,0,0,1,5.183594089074686
0,2,25.598539624234085,0,0,7.829546623285054,0,1,1,7.829546623285054,2.1781036682563366,0,0,1,0,0,0,1,4.356207336512673
0,3,42.59967963521621,0,0,1.89182048498637,0,1,1,1.89182048498637,1.0618862294053097,1,0,1,1,0,0,0,3.1856586882159292
0,3,34.72036542527109,0,0,8.658114391947505,0,1,1,8.658114391947505,2.2677984316499487,0,0,1,0,1,0,0,6.803395294949846
0,1,29.343990111089028,0,0,76.61344846598143,0,1,1,76.61344846598143,4.351740717147589,0,1,0,0,0,0,1,4.351740717147589
0,3,29.843532548220768,4,0,0.4310065282097032,0,5,0,0.08620130564194065,0.35837806255531485,0,0,1,0,1,0,0,1.0751341876659446
1,3,29.843532548220768,0,0,4.403724093273814,1,1,1,4.403724093273814,1.6870883627756401,0,0,1,0,1,0,0,5.061265088326921
0,1,36.59999229273402,1,0,2.8013873743712576,0,2,0,1.4006936871856288,1.3353660986188456,0,0,0,0,0,0,1,1.3353660986188456
0,3,29.843532548220768,1,0,7.470686719047655,0,2,0,3.7353433595238275,2.136611582006434,0,0,1,0,1,0,0,6.4098347460193015
0,3,24.52213406295576,0,0,30.89004815711309,0,1,1,30.89004815711309,3.4622939911215815,0,0,1,0,1,0,0,10.386881973364744
1,1,10.374686563807884,0,0,228.22851785115293,0,1,1,228.22851785115293,5.434719400534981,0,0,1,0,0,0,1,5.434719400534981
0,2,10.307380859887758,0,0,20.979107512002702,0,1,1,20.979107512002702,3.0900923436016208,0,1,0,0,1,0,0,6.1801846872032415
0,3,27.826502137492653,1,1,2.415377480934969,1,3,0,0.805125826978323,1.2282880230590236,1,0,1,0,0,1,0,3.684864069177071
0,3,41.83359684895876,0,0,32.37117576471564,0,1,1,32.37117576471564,3.5076925263264402,1,0,1,0,0,1,0,10.52307757897932
1,1,27.411824508686,1,0,60.99933292348842,0,2,0,30.49966646174421,4.127123625688636,1,0,1,0,0,1,0,4.127123625688636
1,1,37.509631475441054,2,0,14.022929917842422,0,3,0,4.67430997261414,2.709577695078553,1,0,0,0,0,0,1,2.709577695078553
0,2,19.62267913300231,1,0,52.73425063859116,0,2,0,26.36712531929558,3.9840506126965036,0,0,1,0,1,0,0,7.968101225393007
0,3,22.52811721079525,0,0,19.4077755268365,0,1,1,19.4077755268365,3.015915981506012,0,0,1,0,1,0,0,9.047747944518036
0,3,41.27168270092424,0,0,18.024667684963084,0,1,1,18.024667684963084,2.9457364363133594,0,0,0,0,1,0,0,8.837209308940079
1,2,54.74986053340111,1,0,25.565600824636437,1,2,0,12.782800412318219,3.2796171767989,1,0,1,1,0,0,0,6.5592343535978
1,3,41.65210113956186,0,0,3.06288732561088,1,1,1,3.06288732561088,1.401893884799958,1,0,0,1,0,0,0,4.205681654399874
0,3,41.66312327080664,0,0,3.246864920106692,0,1,1,3.246864920106692,1.4461810448697434,0,0,0,0,1,0,0,4.33854313460923
1,1,19.20019242346022,1,2,97.91809691363667,0,4,0,24.47952422840917,4.5942922038271945,1,1,0,0,0,1,0,4.5942922038271945
0,2,36.80812363563015,0,0,5.135793659294576,1,1,1,5.135793659294576,1.8141394356140257,0,0,1,0,1,0,0,3.6282788712280514
0,3,14.169728811010712,2,0,7.911055874960015,0,3,0,2.6370186249866716,2.1872927389464665,1,0,1,1,0,0,0,6.5618782168394
0,3,44.33541502184079,0,0,20.86877969001779,1,1,1,20.86877969001779,3.0850600347787944,0,1,0,0,1,0,0,9.255180104336382
0,3,32.433507654077246,0,0,20.99192188413316,0,1,1,20.99192188413316,3.0906751988437753,0,0,0,0,1,0,0,9.272025596531325
1,3,24.45220477743373,2,1,8.271856575317951,0,4,0,2.067964143829488,2.2269836373369167,0,0,1,0,1,0,0,6.680950912010751
0,1,8.560473935944364,0,0,131.97498562538703,1,1,1,131.97498562538703,4.890161032528259,0,1,0,0,0,0,1,4.890161032528259
0,2,24.09166562582499,0,0,37.75689474106942,0,1,1,37.75689474106942,3.6573086687736955,0,0,1,0,1,0,0,7.314617337547391
0,3,27.70837477941422,0,1,14.570786752562173,0,2,0,7.285393376281086,2.7453965145989914,0,0,1,0,1,0,0,8.236189543796975
1,2,29.930379863891222,0,0,5.367975818682701,0,1,1,5.367975818682701,1.851281651217457,1,0,1,0,0,1,0,3.702563302434914
0,2,24.612112919953887,0,0,6.628584857808051,0,1,1,6.628584857808051,2.0319023572961097,0,1,0,0,1,0,0,4.063804714592219
0,2,21.504230103392985,0,2,7.826764758140921,0,3,0,2.6089215860469737,2.1777885554213787,0,0,1,0,1,0,0,4.3555771108427574
1,1,18.16708259087176,0,0,10.433493372708506,0,1,1,10.433493372708506,2.436547063018808,0,0,1,0,0,0,1,2.436547063018808
1,2,54.7281752486589,0,0,6.604301588115967,1,1,1,6.604301588115967,2.028714085611896,1,0,0,0,0,1,0,4.057428171223792
0,1,61.667702933955226,1,0,19.74957111197828,0,2,0,9.87478555598914,3.032525577160843,0,0,1,0,0,0,1,3.032525577160843
1,2,25.598539624234085,1,0,12.57675855351959,1,2,0,6.288379276759795,2.608359400967314,0,0,1,0,1,0,0,5.216718801934628
0,1,18.879927243947694,0,0,200.8216562190645,1,1,1,200.8216562190645,5.307384417419638,0,0,1,0,0,0,1,5.307384417419638
1,3,29.843532548220768,0,1,1.511809762416915,0,2,0,0.7559048812084574,0.9210035142162469,0,0,1,0,1,0,0,2.7630105426487406
0,3,27.826502137492653,0,0,17.452745170515534,1,1,1,17.452745170515534,2.9152131491482813,1,0,1,0,0,1,0,8.745639447444844
1,3,60.58619644205341,0,0,15.925656309157636,1,1,1,15.925656309157636,2.8288305955447464,0,0,0,0,1,0,0,8.48649178663424
0,3,31.294604271411067,1,2,1.3789605043955846,0,4,0,0.34474012609889615,0.8666636294157061,0,0,1,0,1,0,0,2.599990888247118
1,3,46.288837655298096,1,0,35.05024489541675,0,2,0,17.525122447708377,3.5849136569233284,1,1,0,0,0,1,0,10.754740970769985
1,1,45.89968099482894,0,0,70.59556132545683,0,1,1,70.59556132545683,4.271033079383758,0,0,1,0,0,0,1,4.271033079383758
0,3,29.843532548220768,0,0,6.194115763345739,1,1,1,6.194115763345739,1.9732634367961368,0,0,1,0,1,0,0,5.919790310388411
1,3,15.691071493258905,0,2,19.35531619827934,0,3,0,6.451772066093113,3.0133421160165206,0,0,1,0,1,0,0,9.040026348049562
0,3,45.977807934449714,0,1,4.07645176762571,0,2,0,2.038225883812855,1.6246125466060974,1,0,1,1,0,0,0,4.8738376398182925
0,2,14.759467378364144,0,0,24.479191110995785,0,1,1,24.479191110995785,3.2378620841637744,0,0,1,0,1,0,0,6.475724168327549
1,1,19.257403839684493,4,0,3.4037820023408227,0,5,0,0.6807564004681645,1.4824637177126612,1,0,1,0,0,1,0,1.4824637177126612
0,2,31.88899995617449,1,0,37.85799249031474,0,2,0,18.92899624515737,3.659913782561207,0,0,1,0,1,0,0,7.319827565122414
0,2,23.38589103118341,0,2,12.306497471962585,1,3,0,4.102165823987528,2.588252447661445,0,0,1,0,1,0,0,5.17650489532289
0,3,29.843532548220768,0,0,13.8713436585255,1,1,1,13.8713436585255,2.6994361167479495,0,0,1,0,1,0,0,8.098308350243848
1,3,14.324708846709298,1,0,3.425679085780022,0,2,0,1.712839542890011,1.4874237323982342,1,0,1,0,0,1,0,4.462271197194703
0,2,19.280977122207737,0,1,23.39785572343385,0,2,0,11.698927861716925,3.194495248250329,0,0,0,0,1,0,0,6.388990496500658
1,3,27.826502137492653,0,0,20.26865744864577,0,1,1,20.26865744864577,3.0572345077393397,1,0,1,1,0,0,0,9.171703523218019
0,3,27.826502137492653,0,0,8.781142978237488,0,1,1,8.781142978237488,2.280456346158522,1,0,1,1,0,0,0,6.841369038475566
0,1,50.69875704287648,1,0,80.77608565220882,1,2,0,40.38804282610441,4.403984849425698,0,0,0,0,0,0,1,4.403984849425698
0,1,12.042668354533197,0,0,51.19004825311658,0,1,1,51.19004825311658,3.954891830221221,0,1,0,0,0,0,1,3.954891830221221
0,1,29.343990111089028,0,0,188.59499657997677,0,1,1,188.59499657997677,5.244890200126602,0,0,1,0,1,0,0,5.244890200126602
0,2,20.71799564472653,1,2,14.260118150753913,0,4,0,3.565029537688478,2.7252427683397005,0,0,1,0,0,0,1,5.450485536679401
1,1,27.593536427368768,1,0,154.89182317685993,0,2,0,77.44591158842996,5.049162325534024,1,0,1,0,0,1,0,5.049162325534024
1,1,31.71416162135538,2,0,135.76257727747324,0,3,0,45.254192425824414,4.918246409851451,1,0,1,1,0,0,0,4.918246409851451
1,2,21.329656898945338,0,0,10.93971687134512,0,1,1,10.93971687134512,2.479870395065646,0,1,0,0,1,0,0,4.959740790131292
0,1,43.31777290086615,0,0,21.96385798657532,1,1,1,21.96385798657532,3.133921588109963,0,1,0,0,0,0,1,3.133921588109963
0,3,46.72005376017468,1,0,7.137895080908283,0,2,0,3.5689475404541415,2.0965315570053944,1,0,1,0,0,1,0,6.289594671016183
0,1,45.56091653850884,1,0,146.99580393459894,0,2,0,73.49790196729947,4.997183921568945,0,0,0,0,0,0,1,4.997183921568945
0,3,17.717470010200287,0,1,3.538639476966913,1,2,0,1.7693197384834565,1.5126272924649364,1,0,1,1,0,0,0,4.53788187739481
0,2,32.450484984152176,0,0,15.385368939687211,0,1,1,15.385368939687211,2.7963887988144083,0,0,1,0,1,0,0,5.5927775976288165
1,3,27.826502137492653,1,0,22.47342444841828,0,2,0,11.23671222420914,3.155868906693621,1,1,0,1,0,0,0,9.467606720080862
0,1,40.0254648624103,1,0,36.63636817022779,0,2,0,18.318184085113895,3.627970821491926,0,0,1,0,0,0,1,3.627970821491926
0,2,38.809381730118005,0,2,21.27562647600638,0,3,0,7.091875492002127,3.1034930975856874,0,1,0,0,1,0,0,6.206986195171375
1,3,51.108167116607646,0,0,3.861679303725372,1,1,1,3.861679303725372,1.5813839139746362,0,0,0,0,1,0,0,4.7441517419239085
1,3,22.455951985404017,0,1,1.5854260866057122,1,2,0,0.7927130433028561,0.9498903247857525,0,0,1,0,1,0,0,2.8496709743572577
0,3,10.97340907971732,0,0,21.66992050335048,0,1,1,21.66992050335048,3.1210389578238527,0,0,1,0,1,0,0,9.363116873471558
1,2,24.33542148180597,0,2,2.1572545943455705,0,3,0,0.7190848647818568,1.1497028507162788,1,0,1,1,0,0,0,2.2994057014325575
1,1,25.00118575964595,0,0,26.59480820386264,1,1,1,26.59480820386264,3.3176276464727694,1,0,1,1,0,0,0,3.3176276464727694
0,3,75.88049295573794,0,0,26.4653374459202,0,1,1,26.4653374459202,3.3129247531170747,0,0,1,0,1,0,0,9.938774259351224
0,3,20.473789068507365,0,0,5.82751076729955,0,1,1,5.82751076729955,1.9209601514131138,0,0,1,0,1,0,0,5.762880454239341
0,3,46.25725589434809,0,0,49.50631228337181,0,1,1,49.50631228337181,3.922098324180334,0,1,0,0,1,0,0,11.766294972541003
0,3,69.13037276524749,1,0,53.413932545235255,0,2,0,26.706966272617628,3.996620234034454,0,0,1,0,1,0,0,11.989860702103362
0,2,62.101439204950935,0,1,6.465684604370751,0,2,0,3.2328423021853756,2.0103171353422096,0,0,1,0,1,0,0,4.020634270684419
0,3,29.843532548220768,0,0,0.573228488968747,0,1,1,0.573228488968747,0.45312987034159785,0,0,1,0,1,0,0,1.3593896110247936
1,1,40.299125456269934,1,2,102.56353534439948,0,4,0,25.64088383609987,4.640185292427329,0,1,0,0,1,0,0,4.640185292427329
1,2,31.21106294994982,0,1,12.412387625400934,0,2,0,6.206193812700467,2.5961787295732326,0,0,1,0,1,0,0,5.192357459146465
0,2,18.836696588534004,4,0,2.19828533134102,1,5,0,0.43965706626820406,1.1626148322394323,0,0,1,0,1,0,0,2.3252296644788646
0,3,49.70243590545479,1,1,16.8423502166642,0,3,0,5.614116738888067,2.881574857077349,0,1,0,0,1,0,0,8.644724571232047
1,2,36.49960131918103,0,0,0.6555935945762502,0,1,1,0.6555935945762502,0.5041596119409176,1,0,1,0,0,1,0,1.0083192238818353
0,1,17.685858219800295,4,0,171.50573815696322,0,5,0,34.301147631392645,5.1504305005962046,0,0,1,0,0,0,1,5.1504305005962046
1,3,23.424701840957503,0,0,2.044824863606041,0,1,1,2.044824863606041,1.1134433834506192,1,1,0,1,0,0,0,3.340330150351858
0,2,26.03165223463043,0,0,2.818864653372843,0,1,1,2.818864653372843,1.3399531672835523,0,0,1,0,1,0,0,2.6799063345671046
0,3,47.04453655763831,0,0,2.6466637014533614,0,1,1,2.6466637014533614,1.2938126951956037,0,0,0,0,1,0,0,3.881438085586811
1,1,15.3660105759182,0,0,228.22851785115293,0,1,1,228.22851785115293,5.434719400534981,1,0,1,1,0,0,0,5.434719400534981
1,3,15.334763078387391,2,0,16.185993035830897,0,3,0,5.395331011943632,2.8440946936675635,1,0,1,1,0,0,0,8.53228408100269
1,3,30.92206417103264,0,0,22.143573199984324,0,1,1,22.143573199984324,3.1417171264384796,1,1,0,0,0,1,0,9.42515137931544
0,1,17.13280364509595,0,0,42.57890124000305,0,1,1,42.57890124000305,3.7745731167159136,0,0,1,0,0,0,1,3.7745731167159136
0,2,25.598539624234085,0,0,8.485845263073271,0,1,1,8.485845263073271,2.2498007151858572,0,1,0,0,1,0,0,4.4996014303717145
0,1,22.06877992926738,0,1,22.44523441373546,0,2,0,11.22261720686773,3.1546672509447733,1,1,0,1,0,0,0,3.1546672509447733
0,1,8.857422417355671,0,0,55.034570040496334,0,1,1,55.034570040496334,4.025968822421931,0,1,0,0,0,0,1,4.025968822421931
1,3,20.01642700558912,0,0,10.995343649127232,1,1,1,10.995343649127232,2.4845185452457774,0,0,0,0,1,0,0,7.453555635737333
0,2,25.324950273087996,1,0,20.68055628319834,0,2,0,10.34027814159917,3.076415835061375,0,0,1,0,1,0,0,6.15283167012275
0,3,42.3764937083379,0,0,4.071896750694482,0,1,1,4.071896750694482,1.62371486020345,0,0,1,0,1,0,0,4.87114458061035
1,2,62.58696201358824,1,1,61.46181523411464,0,3,0,20.48727174470488,4.134555413778366,1,0,1,1,0,0,0,8.269110827556732
0,3,29.843532548220768,0,0,2.5487295666280274,0,1,1,2.5487295666280274,1.2665896708816062,0,0,1,0,1,0,0,3.799769012644819
0,3,30.296261936188444,1,0,46.18606593441908,1,2,0,23.09303296720954,3.854098635753666,0,1,0,0,1,0,0,11.562295907261
0,3,35.15721816819621,1,0,0.2050558454069959,0,2,0,0.10252792270349795,0.1865259106048304,0,0,1,0,1,0,0,0.5595777318144912
0,3,73.14017364026577,0,0,8.988482400985912,1,1,1,8.988482400985912,2.301432669307472,0,0,1,0,1,0,0,6.904298007922415
0,2,21.542953430277358,0,4,8.394199139084867,0,5,0,1.6788398278169734,2.240092385920129,0,0,1,0,1,0,0,4.480184771840258
0,2,18.527727863519004,1,1,12.342260666478394,0,3,0,4.114086888826131,2.5909364913831165,0,0,1,0,0,0,1,5.181872982766233
1,3,29.843532548220768,0,0,11.583580137742768,0,1,1,11.583580137742768,2.532392800430032,0,0,0,0,1,0,0,7.597178401290096
1,3,18.45874049930714,3,0,7.836028037193784,0,4,0,1.959007009298446,2.178837458616868,1,0,1,0,0,1,0,6.536512375850604
0,3,37.714675257073225,0,0,7.341578901689878,1,1,1,7.341578901689878,2.121252515201887,0,0,1,0,1,0,0,6.363757545605662
1,1,42.99309830277808,0,0,110.8355857916864,0,1,1,110.8355857916864,4.7170298087481255,0,1,0,0,0,0,1,4.7170298087481255
1,3,31.436887968428938,0,1,15.864166289450091,0,2,0,7.932083144725046,2.825191032927633,1,0,1,1,0,0,0,8.475573098782899
1,3,30.465163839260764,3,1,24.542005061035088,0,5,0,4.908401012207017,3.2403243542196574,1,0,1,1,0,0,0,9.720973062658972
1,1,50.17093062474943,0,0,24.16070011039808,1,1,1,24.16070011039808,3.225283257772522,0,0,1,0,1,0,0,3.225283257772522
0,1,25.43462588352056,1,2,78.99362693885912,0,4,0,19.74840673471478,4.381946968236334,0,0,1,0,0,0,1,4.381946968236334
0,3,39.766004808635074,1,0,12.055263369205443,0,2,0,6.027631684602722,2.5691913757664806,0,0,1,0,1,0,0,7.707574127299441
1,3,25.22375848374888,0,0,6.32418540947882,0,1,1,6.32418540947882,1.9911819418220962,1,1,0,1,0,0,0,5.973545825466289
0,3,15.58835704074198,0,0,9.119322375584412,1,1,1,9.119322375584412,2.3144467026831235,1,0,1,0,0,1,0,6.94334010804937
1,1,46.656659253060106,1,0,31.63105061059028,0,2,0,15.81552530529514,3.48526430777584,1,0,0,0,0,0,1,3.48526430777584
1,3,32.31514061269068,0,0,2.095686824141375,0,1,1,2.095686824141375,1.1300097956178734,0,1,0,0,1,0,0,3.3900293868536204
1,1,44.728773232384015,1,0,20.205830894517067,0,2,0,10.102915447258534,3.054276186054998,1,0,1,1,0,0,0,3.054276186054998
1,1,34.00310797136738,0,0,9.366473092051118,0,1,1,9.366473092051118,2.3385768575502435,0,0,1,0,0,0,1,2.3385768575502435
0,1,35.897225172443854,0,0,96.52213278028997,0,1,1,96.52213278028997,4.5800793551173165,0,0,1,0,0,0,1,4.5800793551173165
0,3,18.723718084501563,1,1,14.809033421522322,0,3,0,4.936344473840774,2.760581512193815,0,0,1,0,1,0,0,8.281744536581446
1,3,27.826502137492653,0,0,41.208693641653554,0,1,1,41.208693641653554,3.742626210290448,1,1,0,1,0,0,0,11.227878630871345
1,3,29.843532548220768,0,0,17.921558663900292,0,1,1,17.921558663900292,2.940301942043449,0,0,1,0,1,0,0,8.820905826130346
1,2,26.933114674979425,0,1,1.1063970119990545,1,2,0,0.5531985059995272,0.7449789106645159,1,0,1,0,0,1,0,1.4899578213290319
0,3,21.028770199782315,0,2,29.541048233642947,0,3,0,9.847016077880982,3.4190716225034508,0,0,1,0,1,0,0,10.257214867510353
0,2,40.43069795081927,0,2,41.09790598691013,0,3,0,13.69930199563671,3.7399980004230464,0,0,1,0,1,0,0,7.479996000846093
0,3,14.598572764923766,1,0,8.024984427176644,0,2,0,4.012492213588322,2.1999967786968626,0,0,1,0,1,0,0,6.599990336090588
0,2,52.86736961058719,0,0,18.248262275450447,0,1,1,18.248262275450447,2.957420785253913,0,0,1,0,1,0,0,5.914841570507826
1,2,29.930379863891222,0,0,77.2724922405932,1,1,1,77.2724922405932,4.360196228891431,1,0,1,1,0,0,0,8.720392457782863
0,3,39.82376663277322,0,0,10.41114436289378,0,1,1,10.41114436289378,2.4345904535769494,0,0,1,0,1,0,0,7.303771360730848
1,2,32.439283441632895,0,2,48.79552637664192,0,3,0,16.265175458880638,3.907925148201151,1,0,1,0,0,1,0,7.815850296402302
1,3,46.7636796976349,0,0,1.1876540069084274,0,1,1,1.1876540069084274,0.7828297399295846,1,0,1,1,0,0,0,2.3484892197887537
0,3,47.882259602297154,2,0,2.9046805564873,0,3,0,0.9682268521624334,1.3621759762291024,1,0,1,1,0,0,0,4.086527928687307
0,1,30.85183588810081,1,0,48.81807151731269,1,2,0,24.409035758656344,3.908377800078653,0,0,1,0,0,0,1,3.908377800078653
1,3,12.545969154712797,0,0,12.040805691381932,0,1,1,12.040805691381932,2.5680833407387427,0,0,1,0,1,0,0,7.704250022216228
0,2,57.290754769450345,0,1,35.067013311307804,0,2,0,17.533506655653902,3.585378688917339,0,0,1,0,0,0,1,7.170757377834678
1,3,13.942341167791213,0,0,60.89559095475407,1,1,1,60.89559095475407,4.125448948635975,1,0,0,0,0,1,0,12.376346845907925
1,3,35.07376372772087,0,0,6.746089601531602,0,1,1,6.746089601531602,2.0471881484839076,1,0,1,0,0,1,0,6.141564445451722
0,3,50.356009212993925,0,0,0.6654994874303133,0,1,1,0.6654994874303133,0.5101250708943078,0,0,1,0,1,0,0,1.5303752126829235
1,1,27.411824508686,0,0,135.686262721589,0,1,1,135.686262721589,4.917688246519211,1,1,0,0,0,1,0,4.917688246519211
0,3,21.000935610116077,0,0,12.704050305478187,1,1,1,12.704050305478187,2.617691431876011,0,1,0,0,1,0,0,7.8530742956280335
0,3,29.843532548220768,0,0,3.0321358090851898,0,1,1,3.0321358090851898,1.3942962130106413,0,0,1,0,1,0,0,4.182888639031924
0,2,21.81726736740075,0,0,14.135144402865642,0,1,1,14.135144402865642,2.717019483416977,0,0,1,0,1,0,0,5.434038966833954
1,1,21.47898047622834,3,0,113.90390925605706,1,4,0,28.475977314014266,4.744096207392186,1,0,1,1,0,0,0,4.744096207392186
0,3,31.875734324750397,0,2,20.15911095968283,0,3,0,6.719703653227611,3.0520705909695756,0,0,1,0,1,0,0,9.156211772908726
1,3,6.496339500944497,0,2,9.485664850106229,0,3,0,3.161888283368743,2.350009071986517,1,1,0,0,0,1,0,7.050027215959552
1,3,27.826502137492653,0,2,4.988884557916128,0,3,0,1.662961519305376,1.789905177410477,1,0,1,1,0,0,0,5.369715532231432
1,3,30.52338334279198,0,0,49.86535234972017,0,1,1,49.86535234972017,3.9291819913763475,1,1,0,1,0,0,0,11.787545974129042
0,3,29.672152761472432,1,0,14.915860270219918,0,2,0,7.457930135109959,2.7673161133240787,0,0,1,0,1,0,0,8.301948339972236
1,1,19.517418038098405,0,0,44.07059493634899,0,1,1,44.07059493634899,3.8082300368894297,0,0,1,0,0,0,1,3.8082300368894297
0,2,25.598539624234085,0,2,6.813356168125979,0,3,0,2.2711187227086596,2.0558345985781523,0,0,1,0,1,0,0,4.111669197156305
0,2,28.901855701920297,0,2,27.18793494889469,0,3,0,9.062644982964896,3.3388940477033042,0,1,0,0,0,0,1,6.6777880954066084
0,3,29.843532548220768,1,1,3.7992009134214846,0,3,0,1.2664003044738281,1.5684494276845922,0,0,1,0,1,0,0,4.705348283053777
1,1,27.411824508686,0,0,15.824922208964164,0,1,1,15.824922208964164,2.822861251981569,1,0,1,0,0,1,0,2.822861251981569
0,3,22.139204320417637,0,2,10.338968300007217,0,3,0,3.446322766669072,2.428245315325438,0,0,1,0,1,0,0,7.284735945976315
0,3,40.0458397413257,0,0,4.691873966033102,0,1,1,4.691873966033102,1.7390395376832877,0,0,1,0,1,0,0,5.217118613049863
0,3,11.685950186365526,0,0,13.580776777409683,0,1,1,13.580776777409683,2.6797040020755922,0,0,1,0,1,0,0,8.039112006226777
0,2,25.598539624234085,0,0,2.597719502467304,0,1,1,2.597719502467304,1.2803001731973356,0,0,0,0,1,0,0,2.560600346394671
0,3,32.34386108591251,0,0,14.577350262161016,0,1,1,14.577350262161016,2.745817952946517,0,0,1,0,1,0,0,8.237453858839551
1,1,29.73278741909264,0,0,27.979819691455884,0,1,1,27.979819691455884,3.3665997150462617,0,1,0,0,0,0,1,3.3665997150462617
1,3,18.964438081456784,1,0,0.0033286060857153,0,2,0,0.00166430304285765,0.003323078539098873,1,0,1,0,0,1,0,0.009969235617296618
0,1,29.343990111089028,0,0,11.402704443084758,0,1,1,11.402704443084758,2.5179145490793604,0,0,1,0,0,0,1,2.5179145490793604
0,2,15.904962269382407,0,0,56.14439975473218,1,1,1,56.14439975473218,4.0455813933961045,1,0,1,0,0,1,0,8.091162786792209
1,3,57.78157548508596,0,1,27.67504355105291,0,2,0,13.837521775526454,3.3560271817955507,1,0,1,1,0,0,0,10.068081545386653
0,1,29.45532337717336,4,0,22.349278342515326,0,5,0,4.469855668503065,3.1505660775351756,0,1,0,0,0,0,1,3.1505660775351756
1,1,35.10531860153294,0,0,126.56738199869248,0,1,1,126.56738199869248,4.848644711263052,1,0,1,0,0,1,0,4.848644711263052
0,3,13.54085754442054,1,1,12.849951293668392,0,3,0,4.283317097889464,2.628281715924521,0,0,1,0,1,0,0,7.884845147773563
1,3,21.284472929726228,0,2,48.45935262067035,1,3,0,16.15311754022345,3.901151173060386,1,0,1,0,0,1,0,11.703453519181158
0,3,36.84106827210435,0,0,6.408519820265131,0,1,1,6.408519820265131,2.0026306650042534,0,0,0,0,1,0,0,6.00789199501276
0,3,43.7621457069616,0,0,15.6729253008808,0,1,1,15.6729253008808,2.8137861643236266,1,0,1,0,0,1,0,8.44135849297088
0,3,27.826502137492653,0,0,0.89932146331764,0,1,1,0.89932146331764,0.6414966978185661,1,0,1,0,0,1,0,1.9244900934556983
1,2,14.203400522024118,2,0,10.445027066023064,1,3,0,3.4816756886743545,2.4375553182792404,1,0,1,1,0,0,0,4.875110636558481
1,2,35.034443452759525,3,0,68.70711205669375,0,4,0,17.176778014173436,4.244302350677066,1,0,1,0,0,1,0,8.488604701354133
0,1,23.723871237075222,0,1,65.04252297925538,0,2,0,32.52126148962769,4.190298822126774,0,0,1,0,1,0,0,4.190298822126774
0,3,12.50276687620251,0,0,4.651261586497875,0,1,1,4.651261586497875,1.7318788098785685,0,1,0,0,1,0,0,5.195636429635705
0,3,11.225038759899288,2,1,1.7555362425207983,0,4,0,0.4388840606301996,1.0136120670475421,0,0,1,0,1,0,0,3.0408362011426266
1,2,20.94840287120445,0,1,25.167135503506906,0,2,0,12.583567751753453,3.264504253291214,0,0,1,0,1,0,0,6.529008506582428
0,3,44.42377903006185,0,2,14.182679225270418,1,3,0,4.727559741756806,2.7201552534470985,1,0,1,0,0,1,0,8.160465760341296
1,3,46.63001219136049,0,0,6.415806051832609,0,1,1,6.415806051832609,2.0036136752560614,0,0,1,0,1,0,0,6.010841025768184
1,1,31.829849006451955,0,2,228.22851785115293,0,3,0,76.07617261705097,5.434719400534981,1,0,1,1,0,0,0,5.434719400534981
0,3,29.843532548220768,0,0,0.3076061780316291,0,1,1,0.3076061780316291,0.2681981205673942,0,0,0,0,1,0,0,0.8045943617021827
0,3,23.516177569306585,0,0,4.959522374445719,0,1,1,4.959522374445719,1.784990339350177,1,1,0,0,0,1,0,5.354971018050531
0,3,29.843532548220768,0,0,34.786867201615166,0,1,1,34.786867201615166,3.577580988161446,0,1,0,0,1,0,0,10.732742964484338
0,1,44.886778644202366,0,0,32.51128208723341,0,1,1,32.51128208723341,3.5118821608571813,1,1,0,1,0,0,0,3.5118821608571813
1,3,33.48852162886154,0,0,3.982458087116208,0,1,1,3.982458087116208,1.6059233610506072,1,0,1,0,0,1,0,4.817770083151822
0,3,18.576747429395603,0,0,10.467385530234356,0,1,1,10.467385530234356,2.4395069653364128,0,0,1,0,1,0,0,7.318520896009238
0,3,49.7393823097308,1,0,23.78519330854341,1,2,0,11.892596654271705,3.210246430858842,0,0,1,0,1,0,0,9.630739292576527
0,3,15.419071199936267,0,0,1.4914236936040897,0,1,1,1.4914236936040897,0.9128543115812084,1,0,1,0,0,1,0,2.7385629347436256
1,3,45.57610011429578,0,0,39.25142343870523,0,1,1,39.25142343870523,3.6951453681760236,0,0,1,0,1,0,0,11.085436104528071
0,3,11.012101207938596,2,0,21.71588206986601,0,3,0,7.238627356622003,3.12306433050083,0,0,1,0,1,0,0,9.36919299150249
0,1,76.2646147989992,1,1,16.79805154916759,1,3,0,5.599350516389197,2.879088987776559,0,0,1,0,0,0,1,2.879088987776559
0,3,13.827299842894725,0,0,17.054067459200972,0,1,1,17.054067459200972,2.893371003392798,0,1,0,0,1,0,0,8.680113010178395
0,3,46.69668920886176,0,0,6.65910277198598,0,1,1,6.65910277198598,2.0358948452975394,0,1,0,0,1,0,0,6.107684535892618
0,2,20.66474857150121,1,0,10.65340857716569,0,2,0,5.326704288582845,2.4555987189489823,0,0,0,0,1,0,0,4.911197437897965
0,3,36.749224880698605,1,0,20.949980422996312,0,2,0,10.474990211498156,3.088766247629954,0,0,1,0,1,0,0,9.266298742889862
0,3,57.96007452685781,3,0,45.08722352434494,0,4,0,11.271805881086236,3.8305357646129488,0,0,1,0,1,0,0,11.491607293838847
1,3,24.73779760178079,1,0,1.8553308794160224,0,2,0,0.9276654397080112,1.049187731109345,1,0,1,0,0,1,0,3.147563193328035
0,3,73.06451997084524,0,2,7.477657027158441,0,3,0,2.492552342386147,2.1374341176604363,0,0,1,0,1,0,0,6.412302352981309
1,1,27.411824508686,0,0,55.0820670654887,0,1,1,55.0820670654887,4.026816101274737,1,0,1,0,0,1,0,4.026816101274737
0,3,12.908852757761862,0,0,6.467834967678867,0,1,1,6.467834967678867,2.0106051268384677,0,0,1,0,1,0,0,6.031815380515403
0,3,27.97749811635444,0,0,6.1825711405885455,0,1,1,6.1825711405885455,1.9716574165335052,0,0,1,0,1,0,0,5.914972249600516
0,1,25.148882588616928,0,1,4.509474605548793,0,2,0,2.2547373027743967,1.706469265723491,0,0,1,0,0,0,1,1.706469265723491
0,3,28.83996302336593,0,0,15.849447940607478,0,1,1,15.849447940607478,2.8243178930929504,0,0,1,0,1,0,0,8.472953679278852
0,3,23.587042297982773,0,0,7.851213425941204,1,1,1,7.851213425941204,2.1805545598969256,0,0,1,0,1,0,0,6.541663679690776
0,3,17.964211167558886,1,0,2.968199373537262,0,2,0,1.484099686768631,1.3783124335074635,0,0,1,0,1,0,0,4.13493730052239
0,3,27.2060849668124,0,0,23.194122134815256,0,1,1,23.194122134815256,3.186109716669713,0,0,1,0,1,0,0,9.55832915000914
0,2,36.20159178204907,0,0,33.58211357993247,1,1,1,33.58211357993247,3.543336599842841,0,0,1,0,1,0,0,7.086673199685682
1,1,6.436127917819763,0,0,55.968715008298126,0,1,1,55.968715008298126,4.042502257652495,1,0,1,1,0,0,0,4.042502257652495
0,2,41.97204196054736,0,0,7.337405805039066,0,1,1,7.337405805039066,2.1207521134314833,0,0,1,0,1,0,0,4.241504226862967
0,3,29.843532548220768,1,0,13.924231305505016,0,2,0,6.962115652752508,2.7029861541335394,0,1,0,0,1,0,0,8.108958462400619
1,1,53.45366617503032,1,0,28.550849396692296,0,2,0,14.275424698346148,3.3861124878279054,1,1,0,1,0,0,0,3.3861124878279054
0,2,22.689510812939588,5,0,5.5723959063990005,0,6,0,0.9287326510665,1.8828784397481355,0,0,1,0,1,0,0,3.765756879496271
0,2,21.21905787125371,0,0,27.142694185028613,0,1,1,27.142694185028613,3.337287789286217,0,0,1,0,1,0,0,6.674575578572434
0,3,27.826502137492653,0,0,0.5639035531964243,0,1,1,0.5639035531964243,0.44718497346744246,1,0,1,0,0,1,0,1.3415549204023274
0,3,35.33399756895205,0,2,1.3640341280063568,0,3,0,0.4546780426687856,0.8603695359905581,0,0,1,0,1,0,0,2.5811086079716743
1,2,10.315798020475157,0,1,0.1409942924404842,0,2,0,0.0704971462202421,0.13190006862420578,1,0,1,1,0,0,0,0.26380013724841156
1,2,19.61398607087548,1,0,3.4359414652687104,0,2,0,1.7179707326343552,1.4897398740152876,1,0,1,1,0,0,0,2.9794797480305752
0,3,30.67332378846826,1,0,0.9793481987276392,1,2,0,0.4896740993638196,0.68276759794888,0,0,1,0,1,0,0,2.04830279384664
0,3,29.843532548220768,1,0,74.98331497608308,0,2,0,37.49165748804154,4.330513776395564,0,0,1,0,1,0,0,12.991541329186692
0,1,29.2377944820834,0,0,28.628511523611618,1,1,1,28.628511523611618,3.3887371248734666,0,0,1,0,0,0,1,3.3887371248734666
0,3,49.14899259296251,1,0,2.214716497711162,0,2,0,1.107358248855581,1.1677391726851203,0,0,1,0,1,0,0,3.5032175180553606
0,1,46.29484886597354,0,2,23.162879999448357,0,3,0,7.720959999816119,3.1848175712374105,0,1,0,0,0,0,1,3.1848175712374105
1,1,27.411824508686,1,0,228.22851785115293,0,2,0,114.11425892557646,5.434719400534981,1,0,1,0,0,1,0,5.434719400534981
0,3,43.054317719144414,0,0,10.059951494157678,0,1,1,10.059951494157678,2.4033306103845424,0,0,1,0,1,0,0,7.209991831153627
0,2,34.68889904618008,0,0,9.394567873116944,0,1,1,9.394567873116944,2.3412833497981724,0,0,0,0,1,0,0,4.682566699596345
1,3,30.658654807271795,0,0,28.31317758913941,0,1,1,28.31317758913941,3.378037161986726,1,0,0,1,0,0,0,10.13411148596018
1,2,29.930379863891222,2,0,10.401972304409806,0,3,0,3.4673241014699356,2.433786349594846,1,0,1,0,0,1,0,4.867572699189692
0,3,23.542982279192824,0,0,5.589341420223413,0,1,1,5.589341420223413,1.8854534072872882,0,0,1,0,1,0,0,5.656360221861864
1,3,24.565266378632582,0,0,3.182350961923019,0,1,1,3.182350961923019,1.4308735195136453,0,0,1,0,1,0,0,4.292620558540936
0,1,34.260255979791765,1,1,39.85704155311354,1,3,0,13.285680517704513,3.7100791822922163,0,0,1,0,0,0,1,3.7100791822922163
1,3,28.00241951988169,0,0,5.2169378430845486,0,1,1,5.2169378430845486,1.8272774773418614,0,1,0,0,1,0,0,5.481832432025584
0,1,45.71807266334025,0,2,95.00773373986364,0,3,0,31.669244579954547,4.5644287480133166,0,0,0,0,0,0,1,4.5644287480133166
1,3,39.56780275190527,0,1,4.6840675612604175,1,2,0,2.3420337806302087,1.7376670963817396,0,0,1,0,1,0,0,5.213001289145218
1,1,27.411824508686,0,0,72.31185571922013,0,1,1,72.31185571922013,4.294722338231448,1,0,1,0,0,0,1,4.294722338231448
0,2,35.899112950825995,1,1,1.4109822230903122,0,3,0,0.4703274076967707,0.8800342259202182,0,0,1,0,1,0,0,1.7600684518404364
0,1,29.343990111089028,1,0,17.8343634551299,0,2,0,8.91718172756495,2.935683044721035,0,0,1,0,0,0,1,2.935683044721035
0,3,39.05299816730519,0,2,7.168450192728154,0,3,0,2.3894833975760514,2.100279195985045,0,1,0,0,1,0,0,6.300837587955135
0,3,44.01090388115989,4,0,37.86427075139675,0,5,0,7.57285415027935,3.6600753388729714,0,1,0,0,1,0,0,10.980226016618914
1,3,33.24838059016281,0,0,6.48850239452654,1,1,1,6.48850239452654,2.013368830210767,1,0,1,0,0,1,0,6.040106490632301
1,1,27.411824508686,0,0,91.63263834173055,0,1,1,91.63263834173055,4.528641545444041,1,0,1,0,0,1,0,4.528641545444041
0,3,28.288783040020945,0,0,4.034487580092996,1,1,1,4.034487580092996,1.6163117494111086,1,0,1,0,0,1,0,4.8489352482333254
1,1,13.01210109710183,0,4,11.412087483937912,0,5,0,2.2824174967875823,2.518670794896608,0,0,1,0,0,0,1,2.518670794896608
0,3,29.843532548220768,0,0,0.826381340317504,1,1,1,0.826381340317504,0.6023365995351262,0,1,0,0,1,0,0,1.8070097986053786
1,1,29.343990111089028,2,0,30.612840082393323,0,3,0,10.20428002746444,3.453563369783796,0,0,1,0,0,0,1,3.453563369783796
1,1,29.343990111089028,1,0,14.412112239210192,0,2,0,7.206056119605096,2.735153709323053,0,0,1,0,1,0,0,2.735153709323053
1,1,20.515030702894222,0,2,16.058544975571543,0,3,0,5.352848325190514,2.836651249772764,0,0,1,0,0,0,1,2.836651249772764
1,3,49.234132709502674,0,0,19.59490663630236,1,1,1,19.59490663630236,3.0250437945591164,1,1,0,0,0,1,0,9.075131383677348
0,3,19.946489642699348,1,0,0.218718217865509,0,2,0,0.1093591089327545,0.19779966534107896,0,0,1,0,1,0,0,0.5933989960232369
0,1,29.343990111089028,2,0,68.54533638651998,0,3,0,22.848445462173327,4.241978862009362,0,1,0,0,0,0,1,4.241978862009362
0,3,15.521727203865712,1,0,6.537193888294026,0,2,0,3.268596944147013,2.0198499493936657,0,1,0,0,1,0,0,6.059549848180997
0,3,24.38311329000681,0,0,9.676772267849389,0,1,1,9.676772267849389,2.3680705657422623,0,0,0,0,1,0,0,7.104211697226787
0,3,22.5177169146252,1,0,11.33584149997543,0,2,0,5.667920749987715,2.5125089681631567,0,0,1,0,1,0,0,7.53752690448947
1,2,23.388334771176915,0,0,7.782296395122325,0,1,1,7.782296395122325,2.1727379218685994,1,0,1,1,0,0,0,4.345475843737199
0,2,29.930379863891222,0,0,7.239036323820708,0,1,1,7.239036323820708,2.108883386089447,1,0,1,1,0,0,0,4.217766772178894
1,3,27.826502137492653,0,0,18.11157546962287,0,1,1,18.11157546962287,2.95029419701115,1,0,1,0,0,1,0,8.85088259103345
0,1,29.343990111089028,0,0,172.2077597424158,0,1,1,172.2077597424158,5.154491797332689,0,0,1,0,0,0,1,5.154491797332689
0,1,15.720084280882697,0,0,17.968719033169638,0,1,1,17.968719033169638,2.9427912557401994,0,0,1,0,0,0,1,2.9427912557401994
0,3,29.843532548220768,0,1,1.40723917634761,0,2,0,0.703619588173805,0.8784805208554759,0,0,1,0,1,0,0,2.635441562566428
0,3,16.50956011940619,0,2,31.24672119130305,0,3,0,10.41557373043435,3.4734163695864635,0,1,0,0,1,0,0,10.420249108759391
1,2,28.378910683436292,1,0,8.913877550017615,0,2,0,4.456938775008807,2.2939355483033856,1,0,1,0,0,1,0,4.587871096606771
0,2,26.362285312121884,0,0,16.589798159962974,0,1,1,16.589798159962974,2.867319083979992,0,0,1,0,1,0,0,5.734638167959984
0,3,32.65153927360812,0,0,6.104357232235752,1,1,1,6.104357232235752,1.9607082904947888,0,1,0,0,1,0,0,5.882124871484367
0,2,39.97843673021934,0,0,2.7830895205717083,0,1,1,2.7830895205717083,1.3305410092809535,0,1,0,0,0,0,1,2.661082018561907
1,1,22.830370078745176,3,0,74.75742222787851,0,4,0,18.689355556969627,4.327536422795754,0,1,0,0,0,0,1,4.327536422795754
1,1,27.411824508686,0,0,62.55791211285398,0,1,1,62.55791211285398,4.151951492054932,1,1,0,0,0,1,0,4.151951492054932
0,3,45.72907432158013,0,0,3.1084275090483326,0,1,1,3.1084275090483326,1.413040354092843,0,0,0,0,1,0,0,4.239121062278529
0,3,25.44153428266804,0,2,8.23700239829146,0,3,0,2.7456674660971534,2.223217417250091,0,0,1,0,1,0,0,6.669652251750273
0,1,58.54859840208458,1,0,133.92042152694682,0,2,0,66.96021076347341,4.904685134461818,0,0,1,0,0,0,1,4.904685134461818
1,1,32.62623592238395,8,0,74.98158658857915,1,9,0,8.331287398731016,4.3304910292021495,0,0,1,0,1,0,0,4.3304910292021495
1,1,23.88855340748376,0,0,8.563058794102288,1,1,1,8.563058794102288,2.2579076334298915,1,0,1,0,0,1,0,2.2579076334298915
1,3,29.19747870061936,0,0,10.879453049156597,0,1,1,10.879453049156597,2.4748102732413595,1,0,1,1,0,0,0,7.424430819724078
1,1,58.54898967373029,1,0,101.90396000304268,0,2,0,50.95198000152134,4.633796126094098,1,0,1,1,0,0,0,4.633796126094098
1,1,33.20253224738331,0,0,132.18279386860672,0,1,1,132.18279386860672,4.891722574601849,1,0,1,0,0,0,1,4.891722574601849
0,3,29.843532548220768,0,0,13.58862160502868,0,1,1,13.58862160502868,2.68024188274802,0,0,1,0,1,0,0,8.04072564824406
1,1,34.58988466377294,0,0,13.914690885563592,0,1,1,13.914690885563592,2.7023466926807806,1,0,1,1,0,0,0,2.7023466926807806
0,3,41.9910296852139,0,2,16.9670664761596,1,3,0,5.655688825386534,2.888540441846724,0,1,0,0,1,0,0,8.665621325540172
0,1,32.95057923831493,0,0,95.01759650928147,1,1,1,95.01759650928147,4.564531471642681,0,0,1,0,0,0,1,4.564531471642681
1,1,36.646578784950215,0,0,2.0773341380171315,0,1,1,2.0773341380171315,1.1240636825849692,1,1,0,1,0,0,0,1.1240636825849692
0,2,28.95323621462884,1,0,10.983405228170827,0,2,0,5.491702614085414,2.4835227950501415,0,0,1,0,1,0,0,4.967045590100283
1,3,27.826502137492653,2,0,5.547001817156528,0,3,0,1.8490006057188426,1.879007207014518,1,0,0,1,0,0,0,5.637021621043554
